glazing_area,relative_compactness,roof_area,wall_area,cooling_load,heating_load
-1.7604469755488257,-0.03941653889706787,-1.1986778735345365,2.2478059477960657,29.4,23.93
-1.0093229326479933,0.24438254116182206,-0.6558803458962558,0.5619514869490164,33.87,36.97
1.2440491960545037,-0.9854134724267,0.9725122370185867,0.0,17.04,15.16
-1.0093229326479933,1.2849791680444174,-1.1986778735345365,0.0,29.87,29.87
-1.0093229326479933,0.528181621220711,-0.6558803458962558,0.0,24.8,23.67
-1.0093229326479933,-1.1746128591326266,0.9725122370185867,0.5619514869490164,19.32,15.21
-1.0093229326479933,-0.7016143923678111,0.9725122370185867,-0.5619514869490164,13.2,11.45
0.11736313170325505,-0.22861592560299449,0.9725122370185867,-1.6858544608470492,15.44,12.3
-1.0093229326479933,0.9065803946325642,-0.6558803458962558,-0.5619514869490164,31.28,26.45
1.2440491960545037,-0.22861592560299449,0.9725122370185867,-1.6858544608470492,16.69,14.41
0.11736313170325505,-0.03941653889706787,-1.1986778735345365,2.2478059477960657,37.45,36.91
-1.0093229326479933,1.2849791680444174,-1.1986778735345365,0.0,33.01,29.02
-1.0093229326479933,-0.03941653889706787,-1.1986778735345365,2.2478059477960657,33.89,33.09
0.11736313170325505,-1.363812245838553,0.9725122370185867,1.1239029738980328,14.96,14.34
-1.0093229326479933,-0.03941653889706787,-1.1986778735345365,2.2478059477960657,34.07,32.4
1.2440491960545037,0.24438254116182206,-0.6558803458962558,0.5619514869490164,46.94,41.67
-1.0093229326479933,2.041776714868123,-1.4700766373536769,-0.5619514869490164,25.68,24.28
1.2440491960545037,-1.363812245838553,0.9725122370185867,1.1239029738980328,16.58,16.94
1.2440491960545037,-0.9854134724267,0.9725122370185867,0.0,17.95,15.23
-1.0093229326479933,-0.22861592560299449,0.9725122370185867,-1.6858544608470492,13.39,10.42
0.11736313170325505,-0.22861592560299449,0.9725122370185867,-1.6858544608470492,14.48,12.12
1.2440491960545037,0.9065803946325642,-0.6558803458962558,-0.5619514869490164,31.2,31.81
-1.0093229326479933,-0.22861592560299449,0.9725122370185867,-1.6858544608470492,13.53,10.14
1.2440491960545037,-0.03941653889706787,-1.1986778735345365,2.2478059477960657,40.77,40.11
0.11736313170325505,-1.1746128591326266,0.9725122370185867,0.5619514869490164,19.9,16.62
-1.0093229326479933,-1.363812245838553,0.9725122370185867,1.1239029738980328,14.37,12.88
0.11736313170325505,-0.03941653889706787,-1.1986778735345365,2.2478059477960657,36.85,36.96
0.11736313170325505,2.041776714868123,-1.4700766373536769,-0.5619514869490164,30.2,28.61
-1.0093229326479933,1.2849791680444174,-1.1986778735345365,0.0,34.33,28.09
0.11736313170325505,0.9065803946325642,-0.6558803458962558,-0.5619514869490164,34.19,28.42
1.2440491960545037,-0.9854134724267,0.9725122370185867,0.0,18.1,14.72
-1.0093229326479933,0.528181621220711,-0.6558803458962558,0.0,27.69,23.86
0.11736313170325505,-1.1746128591326266,0.9725122370185867,0.5619514869490164,21.08,17.37
-1.0093229326479933,-0.7016143923678111,0.9725122370185867,-0.5619514869490164,13.54,11.46
1.2440491960545037,2.041776714868123,-1.4700766373536769,-0.5619514869490164,32.83,32.49
1.2440491960545037,1.2849791680444174,-1.1986778735345365,0.0,33.31,34.29
1.2440491960545037,-0.03941653889706787,-1.1986778735345365,2.2478059477960657,39.48,40.43
1.2440491960545037,-0.22861592560299449,0.9725122370185867,-1.6858544608470492,15.39,14.22
1.2440491960545037,-0.5124150056618845,0.9725122370185867,-1.1239029738980328,17.2,14.7
1.2440491960545037,-0.03941653889706787,-1.1986778735345365,2.2478059477960657,39.66,38.89
0.11736313170325505,-1.363812245838553,0.9725122370185867,1.1239029738980328,15.41,14.33
1.2440491960545037,1.2849791680444174,-1.1986778735345365,0.0,35.92,36.66
0.11736313170325505,1.2849791680444174,-1.1986778735345365,0.0,36.16,32.07
0.11736313170325505,-0.9854134724267,0.9725122370185867,0.0,16.39,13.17
0.11736313170325505,1.2849791680444174,-1.1986778735345365,0.0,33.16,33.28
0.11736313170325505,-0.9854134724267,0.9725122370185867,0.0,15.85,12.93
0.11736313170325505,-1.363812245838553,0.9725122370185867,1.1239029738980328,15.77,15.09
1.2440491960545037,-1.363812245838553,0.9725122370185867,1.1239029738980328,16.99,17.15
-1.7604469755488257,-0.7016143923678111,0.9725122370185867,-0.5619514869490164,12.05,6.79
-1.0093229326479933,-0.9854134724267,0.9725122370185867,0.0,14.86,11.45
1.2440491960545037,1.2849791680444174,-1.1986778735345365,0.0,40.99,35.96
0.11736313170325505,-1.363812245838553,0.9725122370185867,1.1239029738980328,15.32,14.34
1.2440491960545037,-0.5124150056618845,0.9725122370185867,-1.1239029738980328,17.37,14.66
1.2440491960545037,-1.363812245838553,0.9725122370185867,1.1239029738980328,16.79,16.77
0.11736313170325505,1.2849791680444174,-1.1986778735345365,0.0,35.56,32.46
1.2440491960545037,-0.7016143923678111,0.9725122370185867,-0.5619514869490164,16.9,14.53
0.11736313170325505,-0.03941653889706787,-1.1986778735345365,2.2478059477960657,37.01,36.64
0.11736313170325505,-0.9854134724267,0.9725122370185867,0.0,16.26,12.84
-1.0093229326479933,-0.7016143923678111,0.9725122370185867,-0.5619514869490164,14.46,11.11
-1.0093229326479933,-1.1746128591326266,0.9725122370185867,0.5619514869490164,19.18,15.36
-1.7604469755488257,1.2849791680444174,-1.1986778735345365,0.0,25.38,21.46
1.2440491960545037,-0.5124150056618845,0.9725122370185867,-1.1239029738980328,15.31,12.42
-1.7604469755488257,-0.5124150056618845,0.9725122370185867,-1.1239029738980328,11.27,6.37
1.2440491960545037,-1.1746128591326266,0.9725122370185867,0.5619514869490164,21.93,19.12
0.11736313170325505,-0.7016143923678111,0.9725122370185867,-0.5619514869490164,15.85,12.87
0.11736313170325505,-0.9854134724267,0.9725122370185867,0.0,15.53,12.97
-1.0093229326479933,-0.9854134724267,0.9725122370185867,0.0,14.81,11.34
-1.0093229326479933,0.9065803946325642,-0.6558803458962558,-0.5619514869490164,25.63,27.02
0.11736313170325505,-0.22861592560299449,0.9725122370185867,-1.6858544608470492,15.5,12.5
-1.0093229326479933,-0.22861592560299449,0.9725122370185867,-1.6858544608470492,13.79,10.45
0.11736313170325505,-1.363812245838553,0.9725122370185867,1.1239029738980328,15.56,14.61
-1.7604469755488257,-1.1746128591326266,0.9725122370185867,0.5619514869490164,16.75,10.77
0.11736313170325505,-0.7016143923678111,0.9725122370185867,-0.5619514869490164,15.21,12.78
-1.0093229326479933,0.9065803946325642,-0.6558803458962558,-0.5619514869490164,31.01,26.47
-1.0093229326479933,-0.7016143923678111,0.9725122370185867,-0.5619514869490164,14.67,11.1
0.11736313170325505,-0.7016143923678111,0.9725122370185867,-0.5619514869490164,15.78,12.72
1.2440491960545037,0.9065803946325642,-0.6558803458962558,-0.5619514869490164,31.7,32.09
-1.0093229326479933,0.9065803946325642,-0.6558803458962558,-0.5619514869490164,25.82,27.03
-1.0093229326479933,2.041776714868123,-1.4700766373536769,-0.5619514869490164,26.44,24.63
1.2440491960545037,0.528181621220711,-0.6558803458962558,0.0,29.56,29.5
1.2440491960545037,-0.03941653889706787,-1.1986778735345365,2.2478059477960657,39.55,40.78
0.11736313170325505,-0.7016143923678111,0.9725122370185867,-0.5619514869490164,15.22,12.18
-1.0093229326479933,-1.363812245838553,0.9725122370185867,1.1239029738980328,14.27,13.02
0.11736313170325505,1.2849791680444174,-1.1986778735345365,0.0,32.0,32.31
1.2440491960545037,-0.7016143923678111,0.9725122370185867,-0.5619514869490164,16.44,14.75
1.2440491960545037,-0.9854134724267,0.9725122370185867,0.0,17.55,14.92
-1.0093229326479933,-1.1746128591326266,0.9725122370185867,0.5619514869490164,19.37,15.41
1.2440491960545037,-0.03941653889706787,-1.1986778735345365,2.2478059477960657,38.48,39.84
-1.0093229326479933,-0.7016143923678111,0.9725122370185867,-0.5619514869490164,14.3,11.09
0.11736313170325505,-1.1746128591326266,0.9725122370185867,0.5619514869490164,20.56,16.84
-1.0093229326479933,2.041776714868123,-1.4700766373536769,-0.5619514869490164,26.37,24.63
-1.7604469755488257,0.9065803946325642,-0.6558803458962558,-0.5619514869490164,23.49,19.34
1.2440491960545037,-0.7016143923678111,0.9725122370185867,-0.5619514869490164,15.84,14.56
0.11736313170325505,-0.7016143923678111,0.9725122370185867,-0.5619514869490164,15.73,12.95
0.11736313170325505,-0.7016143923678111,0.9725122370185867,-0.5619514869490164,16.13,12.86
-1.0093229326479933,-0.7016143923678111,0.9725122370185867,-0.5619514869490164,14.49,11.22
1.2440491960545037,-1.1746128591326266,0.9725122370185867,0.5619514869490164,20.78,18.48
-1.0093229326479933,-1.1746128591326266,0.9725122370185867,0.5619514869490164,19.34,15.18
1.2440491960545037,-0.9854134724267,0.9725122370185867,0.0,17.85,15.34
0.11736313170325505,-1.363812245838553,0.9725122370185867,1.1239029738980328,15.14,14.6
0.11736313170325505,0.528181621220711,-0.6558803458962558,0.0,26.95,25.37
-1.0093229326479933,-0.7016143923678111,0.9725122370185867,-0.5619514869490164,14.45,11.16
-1.0093229326479933,-0.22861592560299449,0.9725122370185867,-1.6858544608470492,13.65,10.47
-1.0093229326479933,1.2849791680444174,-1.1986778735345365,0.0,29.52,29.08
0.11736313170325505,-0.5124150056618845,0.9725122370185867,-1.1239029738980328,15.09,12.49
0.11736313170325505,-0.22861592560299449,0.9725122370185867,-1.6858544608470492,15.1,12.45
0.11736313170325505,-0.5124150056618845,0.9725122370185867,-1.1239029738980328,15.64,12.28
-1.0093229326479933,2.041776714868123,-1.4700766373536769,-0.5619514869490164,25.98,24.33
-1.0093229326479933,-1.363812245838553,0.9725122370185867,1.1239029738980328,13.99,12.8
0.11736313170325505,-0.9854134724267,0.9725122370185867,0.0,16.22,12.77
-1.0093229326479933,-0.03941653889706787,-1.1986778735345365,2.2478059477960657,34.17,33.12
-1.0093229326479933,-0.03941653889706787,-1.1986778735345365,2.2478059477960657,34.35,33.21
-1.0093229326479933,-1.363812245838553,0.9725122370185867,1.1239029738980328,14.34,13.04
-1.0093229326479933,2.041776714868123,-1.4700766373536769,-0.5619514869490164,26.18,24.04
0.11736313170325505,-0.22861592560299449,0.9725122370185867,-1.6858544608470492,14.92,12.32
-1.0093229326479933,0.528181621220711,-0.6558803458962558,0.0,27.31,23.53
0.11736313170325505,1.2849791680444174,-1.1986778735345365,0.0,32.46,32.29
-1.0093229326479933,0.24438254116182206,-0.6558803458962558,0.5619514869490164,43.33,35.94
0.11736313170325505,-0.22861592560299449,0.9725122370185867,-1.6858544608470492,14.81,11.64
0.11736313170325505,-0.5124150056618845,0.9725122370185867,-1.1239029738980328,15.57,12.1
1.2440491960545037,-0.03941653889706787,-1.1986778735345365,2.2478059477960657,40.85,39.97
-1.0093229326479933,-0.5124150056618845,0.9725122370185867,-1.1239029738980328,14.11,10.72
-1.0093229326479933,1.2849791680444174,-1.1986778735345365,0.0,33.91,28.05
1.2440491960545037,2.041776714868123,-1.4700766373536769,-0.5619514869490164,32.88,32.84
0.11736313170325505,-0.7016143923678111,0.9725122370185867,-0.5619514869490164,14.92,12.34
0.11736313170325505,-0.7016143923678111,0.9725122370185867,-0.5619514869490164,15.66,12.73
0.11736313170325505,-0.03941653889706787,-1.1986778735345365,2.2478059477960657,36.93,35.69
1.2440491960545037,0.24438254116182206,-0.6558803458962558,0.5619514869490164,38.84,42.74
-1.0093229326479933,-0.9854134724267,0.9725122370185867,0.0,15.0,11.33
-1.0093229326479933,0.9065803946325642,-0.6558803458962558,-0.5619514869490164,31.76,25.37
1.2440491960545037,-1.363812245838553,0.9725122370185867,1.1239029738980328,16.56,16.55
1.2440491960545037,-1.1746128591326266,0.9725122370185867,0.5619514869490164,22.72,19.48
0.11736313170325505,-0.22861592560299449,0.9725122370185867,-1.6858544608470492,14.73,12.35
1.2440491960545037,-0.7016143923678111,0.9725122370185867,-0.5619514869490164,17.39,14.71
-1.0093229326479933,-0.5124150056618845,0.9725122370185867,-1.1239029738980328,14.27,10.75
-1.0093229326479933,0.24438254116182206,-0.6558803458962558,0.5619514869490164,41.86,35.45
0.11736313170325505,-0.22861592560299449,0.9725122370185867,-1.6858544608470492,14.58,11.67
-1.7604469755488257,0.24438254116182206,-0.6558803458962558,0.5619514869490164,37.73,28.52
0.11736313170325505,0.24438254116182206,-0.6558803458962558,0.5619514869490164,37.76,39.81
-1.0093229326479933,0.528181621220711,-0.6558803458962558,0.0,28.51,22.58
1.2440491960545037,1.2849791680444174,-1.1986778735345365,0.0,33.14,35.01
1.2440491960545037,0.24438254116182206,-0.6558803458962558,0.5619514869490164,38.81,42.49
0.11736313170325505,-0.5124150056618845,0.9725122370185867,-1.1239029738980328,15.27,12.27
0.11736313170325505,0.9065803946325642,-0.6558803458962558,-0.5619514869490164,34.15,28.31
-1.0093229326479933,0.528181621220711,-0.6558803458962558,0.0,24.77,23.89
1.2440491960545037,2.041776714868123,-1.4700766373536769,-0.5619514869490164,34.01,32.73
1.2440491960545037,-0.22861592560299449,0.9725122370185867,-1.6858544608470492,16.57,14.1
0.11736313170325505,-1.1746128591326266,0.9725122370185867,0.5619514869490164,21.09,17.52
0.11736313170325505,-0.9854134724267,0.9725122370185867,0.0,16.19,13.18
-1.0093229326479933,-0.7016143923678111,0.9725122370185867,-0.5619514869490164,14.28,11.11
-1.0093229326479933,-1.1746128591326266,0.9725122370185867,0.5619514869490164,19.3,15.19
-1.0093229326479933,-0.03941653889706787,-1.1986778735345365,2.2478059477960657,33.62,32.38
0.11736313170325505,-1.1746128591326266,0.9725122370185867,0.5619514869490164,21.13,17.5
0.11736313170325505,0.24438254116182206,-0.6558803458962558,0.5619514869490164,36.66,39.83
-1.7604469755488257,0.528181621220711,-0.6558803458962558,0.0,21.46,17.41
0.11736313170325505,-1.1746128591326266,0.9725122370185867,0.5619514869490164,20.43,17.11
-1.0093229326479933,-0.22861592560299449,0.9725122370185867,-1.6858544608470492,13.36,10.34
1.2440491960545037,0.528181621220711,-0.6558803458962558,0.0,30.34,28.95
-1.7604469755488257,-0.5124150056618845,0.9725122370185867,-1.1239029738980328,11.29,6.366
-1.0093229326479933,2.041776714868123,-1.4700766373536769,-0.5619514869490164,26.02,24.4
0.11736313170325505,0.528181621220711,-0.6558803458962558,0.0,29.88,24.94
1.2440491960545037,-0.22861592560299449,0.9725122370185867,-1.6858544608470492,17.25,14.61
1.2440491960545037,0.528181621220711,-0.6558803458962558,0.0,29.64,28.91
1.2440491960545037,2.041776714868123,-1.4700766373536769,-0.5619514869490164,33.37,32.26
1.2440491960545037,1.2849791680444174,-1.1986778735345365,0.0,39.92,35.73
-1.0093229326479933,0.24438254116182206,-0.6558803458962558,0.5619514869490164,35.29,37.1
0.11736313170325505,-1.1746128591326266,0.9725122370185867,0.5619514869490164,20.48,17.02
1.2440491960545037,0.24438254116182206,-0.6558803458962558,0.5619514869490164,39.56,42.96
1.2440491960545037,2.041776714868123,-1.4700766373536769,-0.5619514869490164,33.95,32.21
-1.0093229326479933,0.528181621220711,-0.6558803458962558,0.0,28.79,22.79
-1.0093229326479933,-0.22861592560299449,0.9725122370185867,-1.6858544608470492,13.43,10.36
-1.0093229326479933,-1.1746128591326266,0.9725122370185867,0.5619514869490164,19.42,15.32
0.11736313170325505,1.2849791680444174,-1.1986778735345365,0.0,33.17,33.48
1.2440491960545037,-0.7016143923678111,0.9725122370185867,-0.5619514869490164,17.23,14.33
0.11736313170325505,-0.03941653889706787,-1.1986778735345365,2.2478059477960657,37.2,36.95
0.11736313170325505,0.528181621220711,-0.6558803458962558,0.0,27.34,26.0
0.11736313170325505,0.24438254116182206,-0.6558803458962558,0.5619514869490164,45.48,38.84
0.11736313170325505,-1.1746128591326266,0.9725122370185867,0.5619514869490164,20.13,16.73
-1.0093229326479933,0.24438254116182206,-0.6558803458962558,0.5619514869490164,34.62,37.26
0.11736313170325505,-0.9854134724267,0.9725122370185867,0.0,15.87,13.0
0.11736313170325505,0.24438254116182206,-0.6558803458962558,0.5619514869490164,45.97,38.98
-1.0093229326479933,2.041776714868123,-1.4700766373536769,-0.5619514869490164,25.89,24.25
-1.0093229326479933,-0.5124150056618845,0.9725122370185867,-1.1239029738980328,13.79,10.53
1.2440491960545037,-0.7016143923678111,0.9725122370185867,-0.5619514869490164,16.74,14.21
-1.0093229326479933,0.24438254116182206,-0.6558803458962558,0.5619514869490164,43.12,35.78
0.11736313170325505,1.2849791680444174,-1.1986778735345365,0.0,32.83,32.68
-1.7604469755488257,0.9065803946325642,-0.6558803458962558,-0.5619514869490164,27.87,18.31
-1.0093229326479933,-1.1746128591326266,0.9725122370185867,0.5619514869490164,19.24,15.16
-1.0093229326479933,1.2849791680444174,-1.1986778735345365,0.0,29.67,29.05
-1.0093229326479933,0.528181621220711,-0.6558803458962558,0.0,25.11,24.37
-1.7604469755488257,2.041776714868123,-1.4700766373536769,-0.5619514869490164,21.33,15.55
0.11736313170325505,0.9065803946325642,-0.6558803458962558,-0.5619514869490164,33.37,29.34
0.11736313170325505,-1.363812245838553,0.9725122370185867,1.1239029738980328,15.77,15.08
1.2440491960545037,0.9065803946325642,-0.6558803458962558,-0.5619514869490164,35.71,32.06
-1.7604469755488257,0.24438254116182206,-0.6558803458962558,0.5619514869490164,39.44,28.75
-1.0093229326479933,-0.03941653889706787,-1.1986778735345365,2.2478059477960657,33.88,33.27
-1.0093229326479933,-0.5124150056618845,0.9725122370185867,-1.1239029738980328,13.75,10.7
-1.0093229326479933,0.528181621220711,-0.6558803458962558,0.0,24.91,24.03
1.2440491960545037,1.2849791680444174,-1.1986778735345365,0.0,37.27,35.24
-1.0093229326479933,0.528181621220711,-0.6558803458962558,0.0,27.54,23.84
-1.0093229326479933,0.528181621220711,-0.6558803458962558,0.0,24.61,23.8
1.2440491960545037,-0.7016143923678111,0.9725122370185867,-0.5619514869490164,16.88,14.62
1.2440491960545037,-0.5124150056618845,0.9725122370185867,-1.1239029738980328,17.51,14.6
1.2440491960545037,-0.03941653889706787,-1.1986778735345365,2.2478059477960657,39.7,40.42
-1.7604469755488257,-1.363812245838553,0.9725122370185867,1.1239029738980328,12.08,8.45
-1.7604469755488257,-1.1746128591326266,0.9725122370185867,0.5619514869490164,16.67,10.56
1.2440491960545037,-0.22861592560299449,0.9725122370185867,-1.6858544608470492,16.94,14.52
-1.0093229326479933,-0.7016143923678111,0.9725122370185867,-0.5619514869490164,13.32,11.32
-1.7604469755488257,0.9065803946325642,-0.6558803458962558,-0.5619514869490164,27.3,19.5
1.2440491960545037,-1.1746128591326266,0.9725122370185867,0.5619514869490164,22.53,19.42
1.2440491960545037,-0.9854134724267,0.9725122370185867,0.0,18.24,15.3
0.11736313170325505,-1.363812245838553,0.9725122370185867,1.1239029738980328,14.75,13.86
0.11736313170325505,0.24438254116182206,-0.6558803458962558,0.5619514869490164,43.86,38.57
-1.0093229326479933,1.2849791680444174,-1.1986778735345365,0.0,32.92,29.03
0.11736313170325505,-0.03941653889706787,-1.1986778735345365,2.2478059477960657,36.62,36.43
1.2440491960545037,0.528181621220711,-0.6558803458962558,0.0,29.93,30.0
0.11736313170325505,-1.1746128591326266,0.9725122370185867,0.5619514869490164,19.65,16.99
-1.0093229326479933,-1.1746128591326266,0.9725122370185867,0.5619514869490164,19.29,15.36
1.2440491960545037,-1.363812245838553,0.9725122370185867,1.1239029738980328,16.61,16.48
1.2440491960545037,-0.5124150056618845,0.9725122370185867,-1.1239029738980328,14.58,12.63
0.11736313170325505,0.528181621220711,-0.6558803458962558,0.0,27.76,25.48
-1.0093229326479933,0.24438254116182206,-0.6558803458962558,0.5619514869490164,34.18,36.71
-1.7604469755488257,2.041776714868123,-1.4700766373536769,-0.5619514869490164,21.33,15.55
0.11736313170325505,-0.7016143923678111,0.9725122370185867,-0.5619514869490164,15.14,12.47
-1.0093229326479933,-0.5124150056618845,0.9725122370185867,-1.1239029738980328,14.12,10.68
0.11736313170325505,0.528181621220711,-0.6558803458962558,0.0,26.08,25.17
-1.0093229326479933,-0.22861592560299449,0.9725122370185867,-1.6858544608470492,13.57,10.32
-1.0093229326479933,-0.03941653889706787,-1.1986778735345365,2.2478059477960657,34.11,33.08
0.11736313170325505,-0.7016143923678111,0.9725122370185867,-0.5619514869490164,15.52,12.85
0.11736313170325505,-0.22861592560299449,0.9725122370185867,-1.6858544608470492,14.03,12.02
0.11736313170325505,-0.22861592560299449,0.9725122370185867,-1.6858544608470492,15.03,12.18
0.11736313170325505,0.9065803946325642,-0.6558803458962558,-0.5619514869490164,29.9,29.27
-1.7604469755488257,2.041776714868123,-1.4700766373536769,-0.5619514869490164,21.33,15.55
-1.7604469755488257,-1.363812245838553,0.9725122370185867,1.1239029738980328,12.22,8.49
1.2440491960545037,2.041776714868123,-1.4700766373536769,-0.5619514869490164,32.78,32.82
-1.0093229326479933,-0.7016143923678111,0.9725122370185867,-0.5619514869490164,14.44,11.22
0.11736313170325505,-0.7016143923678111,0.9725122370185867,-0.5619514869490164,15.48,12.73
0.11736313170325505,0.9065803946325642,-0.6558803458962558,-0.5619514869490164,29.45,29.47
-1.0093229326479933,-0.22861592560299449,0.9725122370185867,-1.6858544608470492,13.71,10.43
0.11736313170325505,-1.363812245838553,0.9725122370185867,1.1239029738980328,15.64,14.66
1.2440491960545037,-1.363812245838553,0.9725122370185867,1.1239029738980328,16.0,16.74
1.2440491960545037,-1.363812245838553,0.9725122370185867,1.1239029738980328,16.86,17.26
0.11736313170325505,0.528181621220711,-0.6558803458962558,0.0,26.3,25.66
1.2440491960545037,-0.22861592560299449,0.9725122370185867,-1.6858544608470492,16.94,14.17
1.2440491960545037,1.2849791680444174,-1.1986778735345365,0.0,39.22,35.4
1.2440491960545037,-1.1746128591326266,0.9725122370185867,0.5619514869490164,20.72,18.71
0.11736313170325505,-0.03941653889706787,-1.1986778735345365,2.2478059477960657,37.51,36.26
0.11736313170325505,1.2849791680444174,-1.1986778735345365,0.0,37.72,31.66
-1.0093229326479933,-0.7016143923678111,0.9725122370185867,-0.5619514869490164,14.28,11.14
-1.0093229326479933,-0.22861592560299449,0.9725122370185867,-1.6858544608470492,13.21,10.07
1.2440491960545037,-0.22861592560299449,0.9725122370185867,-1.6858544608470492,16.62,14.19
1.2440491960545037,0.24438254116182206,-0.6558803458962558,0.5619514869490164,45.59,41.64
1.2440491960545037,-0.22861592560299449,0.9725122370185867,-1.6858544608470492,16.74,14.48
-1.7604469755488257,1.2849791680444174,-1.1986778735345365,0.0,28.28,20.84
0.11736313170325505,2.041776714868123,-1.4700766373536769,-0.5619514869490164,30.19,28.15
-1.7604469755488257,0.24438254116182206,-0.6558803458962558,0.5619514869490164,30.93,29.63
0.11736313170325505,-0.5124150056618845,0.9725122370185867,-1.1239029738980328,14.94,12.19
1.2440491960545037,0.24438254116182206,-0.6558803458962558,0.5619514869490164,45.29,41.4
-1.0093229326479933,-0.22861592560299449,0.9725122370185867,-1.6858544608470492,13.72,10.34
-1.0093229326479933,-0.5124150056618845,0.9725122370185867,-1.1239029738980328,14.18,10.78
1.2440491960545037,-1.363812245838553,0.9725122370185867,1.1239029738980328,17.2,15.09
1.2440491960545037,-0.7016143923678111,0.9725122370185867,-0.5619514869490164,16.54,14.37
0.11736313170325505,-0.22861592560299449,0.9725122370185867,-1.6858544608470492,15.28,12.41
0.11736313170325505,-1.1746128591326266,0.9725122370185867,0.5619514869490164,20.29,16.92
1.2440491960545037,0.9065803946325642,-0.6558803458962558,-0.5619514869490164,36.26,31.12
-1.0093229326479933,-0.7016143923678111,0.9725122370185867,-0.5619514869490164,14.27,11.16
0.11736313170325505,-0.7016143923678111,0.9725122370185867,-0.5619514869490164,14.38,12.46
1.2440491960545037,-1.1746128591326266,0.9725122370185867,0.5619514869490164,21.53,18.46
-1.0093229326479933,2.041776714868123,-1.4700766373536769,-0.5619514869490164,26.29,24.59
0.11736313170325505,-0.22861592560299449,0.9725122370185867,-1.6858544608470492,13.79,12.03
-1.7604469755488257,-1.363812245838553,0.9725122370185867,1.1239029738980328,12.04,8.5
1.2440491960545037,1.2849791680444174,-1.1986778735345365,0.0,33.94,35.67
0.11736313170325505,-0.03941653889706787,-1.1986778735345365,2.2478059477960657,37.28,36.86
-1.0093229326479933,-0.9854134724267,0.9725122370185867,0.0,13.9,11.68
-1.0093229326479933,-1.363812245838553,0.9725122370185867,1.1239029738980328,14.33,12.93
-1.0093229326479933,-1.363812245838553,0.9725122370185867,1.1239029738980328,14.24,13.04
0.11736313170325505,-0.9854134724267,0.9725122370185867,0.0,15.95,12.95
1.2440491960545037,1.2849791680444174,-1.1986778735345365,0.0,40.66,35.69
0.11736313170325505,0.24438254116182206,-0.6558803458962558,0.5619514869490164,36.87,39.83
1.2440491960545037,0.24438254116182206,-0.6558803458962558,0.5619514869490164,38.35,42.5
1.2440491960545037,-1.1746128591326266,0.9725122370185867,0.5619514869490164,22.09,18.9
0.11736313170325505,-0.22861592560299449,0.9725122370185867,-1.6858544608470492,14.76,11.69
0.11736313170325505,-0.9854134724267,0.9725122370185867,0.0,16.14,12.92
0.11736313170325505,1.2849791680444174,-1.1986778735345365,0.0,37.19,31.53
0.11736313170325505,2.041776714868123,-1.4700766373536769,-0.5619514869490164,29.79,28.15
1.2440491960545037,-0.5124150056618845,0.9725122370185867,-1.1239029738980328,16.11,14.07
1.2440491960545037,1.2849791680444174,-1.1986778735345365,0.0,36.38,37.24
-1.0093229326479933,-0.22861592560299449,0.9725122370185867,-1.6858544608470492,13.48,10.36
0.11736313170325505,-0.03941653889706787,-1.1986778735345365,2.2478059477960657,36.81,36.45
-1.0093229326479933,-0.03941653889706787,-1.1986778735345365,2.2478059477960657,34.05,32.31
-1.0093229326479933,-0.5124150056618845,0.9725122370185867,-1.1239029738980328,13.67,10.66
-1.7604469755488257,-1.363812245838553,0.9725122370185867,1.1239029738980328,12.07,8.6
1.2440491960545037,0.24438254116182206,-0.6558803458962558,0.5619514869490164,47.59,41.73
1.2440491960545037,-0.03941653889706787,-1.1986778735345365,2.2478059477960657,39.67,40.4
-1.0093229326479933,0.9065803946325642,-0.6558803458962558,-0.5619514869490164,27.4,26.46
0.11736313170325505,0.9065803946325642,-0.6558803458962558,-0.5619514869490164,27.89,29.87
0.11736313170325505,0.528181621220711,-0.6558803458962558,0.0,28.76,25.43
-1.0093229326479933,-0.03941653889706787,-1.1986778735345365,2.2478059477960657,33.91,33.16
-1.0093229326479933,-0.22861592560299449,0.9725122370185867,-1.6858544608470492,13.72,10.46
1.2440491960545037,1.2849791680444174,-1.1986778735345365,0.0,38.35,35.84
-1.0093229326479933,-1.1746128591326266,0.9725122370185867,0.5619514869490164,19.26,15.12
0.11736313170325505,2.041776714868123,-1.4700766373536769,-0.5619514869490164,29.61,28.7
0.11736313170325505,-0.9854134724267,0.9725122370185867,0.0,15.89,13.05
0.11736313170325505,-0.22861592560299449,0.9725122370185867,-1.6858544608470492,15.5,12.45
-1.0093229326479933,0.9065803946325642,-0.6558803458962558,-0.5619514869490164,27.33,26.45
1.2440491960545037,-0.22861592560299449,0.9725122370185867,-1.6858544608470492,16.9,14.32
0.11736313170325505,-0.5124150056618845,0.9725122370185867,-1.1239029738980328,14.94,12.2
-1.0093229326479933,2.041776714868123,-1.4700766373536769,-0.5619514869490164,25.95,24.29
-1.0093229326479933,-1.1746128591326266,0.9725122370185867,0.5619514869490164,19.14,15.16
0.11736313170325505,0.528181621220711,-0.6558803458962558,0.0,26.53,25.7
0.11736313170325505,-0.03941653889706787,-1.1986778735345365,2.2478059477960657,36.87,36.95
0.11736313170325505,-0.5124150056618845,0.9725122370185867,-1.1239029738980328,14.67,12.36
1.2440491960545037,-0.7016143923678111,0.9725122370185867,-0.5619514869490164,17.02,14.08
-1.0093229326479933,2.041776714868123,-1.4700766373536769,-0.5619514869490164,25.84,24.11
-1.0093229326479933,-0.03941653889706787,-1.1986778735345365,2.2478059477960657,34.07,32.12
0.11736313170325505,-1.1746128591326266,0.9725122370185867,0.5619514869490164,19.76,16.69
-1.0093229326479933,-0.9854134724267,0.9725122370185867,0.0,14.67,11.42
0.11736313170325505,2.041776714868123,-1.4700766373536769,-0.5619514869490164,29.62,28.67
-1.7604469755488257,0.528181621220711,-0.6558803458962558,0.0,24.93,15.98
-1.0093229326479933,1.2849791680444174,-1.1986778735345365,0.0,29.82,29.83
0.11736313170325505,-0.5124150056618845,0.9725122370185867,-1.1239029738980328,15.4,12.29
1.2440491960545037,0.9065803946325642,-0.6558803458962558,-0.5619514869490164,36.73,31.29
0.11736313170325505,-0.22861592560299449,0.9725122370185867,-1.6858544608470492,14.72,11.98
-1.0093229326479933,0.24438254116182206,-0.6558803458962558,0.5619514869490164,43.3,35.89
-1.7604469755488257,-0.03941653889706787,-1.1986778735345365,2.2478059477960657,29.79,24.77
-1.0093229326479933,0.24438254116182206,-0.6558803458962558,0.5619514869490164,41.07,35.65
0.11736313170325505,1.2849791680444174,-1.1986778735345365,0.0,37.12,31.69
-1.0093229326479933,-1.1746128591326266,0.9725122370185867,0.5619514869490164,19.25,15.19
1.2440491960545037,-0.9854134724267,0.9725122370185867,0.0,18.22,14.9
0.11736313170325505,-0.22861592560299449,0.9725122370185867,-1.6858544608470492,15.35,12.43
-1.0093229326479933,-0.22861592560299449,0.9725122370185867,-1.6858544608470492,13.36,10.15
1.2440491960545037,1.2849791680444174,-1.1986778735345365,0.0,38.79,34.72
0.11736313170325505,-1.363812245838553,0.9725122370185867,1.1239029738980328,14.61,13.99
-1.0093229326479933,-1.363812245838553,0.9725122370185867,1.1239029738980328,14.37,12.85
0.11736313170325505,2.041776714868123,-1.4700766373536769,-0.5619514869490164,29.59,28.55
0.11736313170325505,-0.22861592560299449,0.9725122370185867,-1.6858544608470492,14.49,11.8
1.2440491960545037,0.24438254116182206,-0.6558803458962558,0.5619514869490164,46.44,41.26
1.2440491960545037,2.041776714868123,-1.4700766373536769,-0.5619514869490164,33.23,32.72
0.11736313170325505,1.2849791680444174,-1.1986778735345365,0.0,32.25,33.13
1.2440491960545037,2.041776714868123,-1.4700766373536769,-0.5619514869490164,33.94,32.24
0.11736313170325505,2.041776714868123,-1.4700766373536769,-0.5619514869490164,29.78,28.56
0.11736313170325505,-0.9854134724267,0.9725122370185867,0.0,15.8,13.01
-1.0093229326479933,-0.03941653889706787,-1.1986778735345365,2.2478059477960657,33.64,32.46
1.2440491960545037,-0.03941653889706787,-1.1986778735345365,2.2478059477960657,40.4,40.15
1.2440491960545037,2.041776714868123,-1.4700766373536769,-0.5619514869490164,33.78,32.72
0.11736313170325505,0.9065803946325642,-0.6558803458962558,-0.5619514869490164,33.47,29.39
1.2440491960545037,-0.5124150056618845,0.9725122370185867,-1.1239029738980328,17.23,14.47
1.2440491960545037,-0.22861592560299449,0.9725122370185867,-1.6858544608470492,16.99,14.18
-1.0093229326479933,2.041776714868123,-1.4700766373536769,-0.5619514869490164,26.13,24.13
1.2440491960545037,-1.363812245838553,0.9725122370185867,1.1239029738980328,17.14,16.35
1.2440491960545037,0.528181621220711,-0.6558803458962558,0.0,31.14,28.64
-1.0093229326479933,-0.7016143923678111,0.9725122370185867,-0.5619514869490164,14.29,11.18
-1.0093229326479933,0.9065803946325642,-0.6558803458962558,-0.5619514869490164,31.73,25.41
0.11736313170325505,0.528181621220711,-0.6558803458962558,0.0,28.14,25.49
-1.0093229326479933,-0.9854134724267,0.9725122370185867,0.0,14.74,11.43
0.11736313170325505,-0.03941653889706787,-1.1986778735345365,2.2478059477960657,36.15,36.7
0.11736313170325505,0.528181621220711,-0.6558803458962558,0.0,27.25,26.97
0.11736313170325505,1.2849791680444174,-1.1986778735345365,0.0,35.1,32.4
0.11736313170325505,-0.03941653889706787,-1.1986778735345365,2.2478059477960657,36.07,35.99
-1.0093229326479933,1.2849791680444174,-1.1986778735345365,0.0,29.58,29.14
1.2440491960545037,-0.7016143923678111,0.9725122370185867,-0.5619514869490164,16.99,14.33
-1.0093229326479933,-0.22861592560299449,0.9725122370185867,-1.6858544608470492,13.7,10.39
0.11736313170325505,2.041776714868123,-1.4700766373536769,-0.5619514869490164,30.18,28.18
1.2440491960545037,0.9065803946325642,-0.6558803458962558,-0.5619514869490164,35.22,31.28
-1.0093229326479933,0.24438254116182206,-0.6558803458962558,0.5619514869490164,41.26,35.48
1.2440491960545037,0.528181621220711,-0.6558803458962558,0.0,29.13,29.91
-1.0093229326479933,-1.363812245838553,0.9725122370185867,1.1239029738980328,14.15,12.62
1.2440491960545037,-0.22861592560299449,0.9725122370185867,-1.6858544608470492,16.6,13.78
-1.0093229326479933,0.24438254116182206,-0.6558803458962558,0.5619514869490164,42.86,36.03
-1.0093229326479933,-0.5124150056618845,0.9725122370185867,-1.1239029738980328,13.89,13.69
1.2440491960545037,-0.03941653889706787,-1.1986778735345365,2.2478059477960657,38.18,39.86
0.11736313170325505,-0.03941653889706787,-1.1986778735345365,2.2478059477960657,36.76,36.45
1.2440491960545037,-0.5124150056618845,0.9725122370185867,-1.1239029738980328,17.51,14.71
1.2440491960545037,-0.03941653889706787,-1.1986778735345365,2.2478059477960657,39.37,38.82
1.2440491960545037,-0.03941653889706787,-1.1986778735345365,2.2478059477960657,39.8,39.72
-1.0093229326479933,0.24438254116182206,-0.6558803458962558,0.5619514869490164,34.99,37.03
1.2440491960545037,2.041776714868123,-1.4700766373536769,-0.5619514869490164,34.0,32.75
1.2440491960545037,-1.1746128591326266,0.9725122370185867,0.5619514869490164,22.07,18.88
-1.0093229326479933,0.9065803946325642,-0.6558803458962558,-0.5619514869490164,25.81,27.03
-1.0093229326479933,-0.5124150056618845,0.9725122370185867,-1.1239029738980328,14.3,10.68
-1.0093229326479933,-0.9854134724267,0.9725122370185867,0.0,14.87,11.34
-1.0093229326479933,-0.5124150056618845,0.9725122370185867,-1.1239029738980328,13.77,10.68
-1.0093229326479933,-0.9854134724267,0.9725122370185867,0.0,13.83,11.61
-1.0093229326479933,0.9065803946325642,-0.6558803458962558,-0.5619514869490164,27.03,26.37
-1.0093229326479933,-0.03941653889706787,-1.1986778735345365,2.2478059477960657,34.25,32.31
0.11736313170325505,-0.5124150056618845,0.9725122370185867,-1.1239029738980328,14.71,12.19
-1.0093229326479933,-1.1746128591326266,0.9725122370185867,0.5619514869490164,19.37,15.12
1.2440491960545037,-0.22861592560299449,0.9725122370185867,-1.6858544608470492,17.25,14.55
0.11736313170325505,-0.7016143923678111,0.9725122370185867,-0.5619514869490164,14.6,12.47
-1.0093229326479933,0.528181621220711,-0.6558803458962558,0.0,28.88,22.89
1.2440491960545037,0.24438254116182206,-0.6558803458962558,0.5619514869490164,39.41,43.1
0.11736313170325505,-0.7016143923678111,0.9725122370185867,-0.5619514869490164,15.17,12.12
0.11736313170325505,-0.9854134724267,0.9725122370185867,0.0,15.8,12.78
-1.0093229326479933,1.2849791680444174,-1.1986778735345365,0.0,34.14,28.07
1.2440491960545037,0.24438254116182206,-0.6558803458962558,0.5619514869490164,47.01,41.09
1.2440491960545037,-1.363812245838553,0.9725122370185867,1.1239029738980328,16.88,16.54
-1.0093229326479933,-0.5124150056618845,0.9725122370185867,-1.1239029738980328,14.2,10.72
1.2440491960545037,-0.22861592560299449,0.9725122370185867,-1.6858544608470492,17.03,14.5
-1.0093229326479933,-0.9854134724267,0.9725122370185867,0.0,13.88,11.7
-1.0093229326479933,-1.1746128591326266,0.9725122370185867,0.5619514869490164,19.43,15.2
-1.0093229326479933,-0.5124150056618845,0.9725122370185867,-1.1239029738980328,13.87,10.7
-1.0093229326479933,-0.22861592560299449,0.9725122370185867,-1.6858544608470492,13.44,10.37
-1.0093229326479933,-0.22861592560299449,0.9725122370185867,-1.6858544608470492,13.2,10.08
-1.0093229326479933,2.041776714868123,-1.4700766373536769,-0.5619514869490164,26.18,24.26
0.11736313170325505,-0.5124150056618845,0.9725122370185867,-1.1239029738980328,15.2,12.17
-1.0093229326479933,-1.363812245838553,0.9725122370185867,1.1239029738980328,14.23,12.63
1.2440491960545037,-0.5124150056618845,0.9725122370185867,-1.1239029738980328,16.1,13.86
-1.0093229326479933,0.9065803946325642,-0.6558803458962558,-0.5619514869490164,31.9,25.36
-1.0093229326479933,1.2849791680444174,-1.1986778735345365,0.0,32.85,29.01
-1.7604469755488257,-0.22861592560299449,0.9725122370185867,-1.6858544608470492,11.17,6.04
1.2440491960545037,-0.03941653889706787,-1.1986778735345365,2.2478059477960657,40.63,40.71
-1.0093229326479933,-1.363812245838553,0.9725122370185867,1.1239029738980328,14.57,13.0
1.2440491960545037,-1.363812245838553,0.9725122370185867,1.1239029738980328,17.2,17.14
0.11736313170325505,-0.5124150056618845,0.9725122370185867,-1.1239029738980328,14.92,12.41
0.11736313170325505,0.528181621220711,-0.6558803458962558,0.0,28.77,24.7
-1.0093229326479933,-0.03941653889706787,-1.1986778735345365,2.2478059477960657,33.78,32.41
-1.0093229326479933,0.9065803946325642,-0.6558803458962558,-0.5619514869490164,31.73,25.27
0.11736313170325505,0.9065803946325642,-0.6558803458962558,-0.5619514869490164,33.98,29.54
1.2440491960545037,0.9065803946325642,-0.6558803458962558,-0.5619514869490164,30.66,32.39
1.2440491960545037,2.041776714868123,-1.4700766373536769,-0.5619514869490164,33.34,32.26
1.2440491960545037,-0.03941653889706787,-1.1986778735345365,2.2478059477960657,37.79,39.31
0.11736313170325505,-1.1746128591326266,0.9725122370185867,0.5619514869490164,20.47,17.14
1.2440491960545037,0.528181621220711,-0.6558803458962558,0.0,28.95,28.64
0.11736313170325505,2.041776714868123,-1.4700766373536769,-0.5619514869490164,29.79,28.15
-1.7604469755488257,-0.03941653889706787,-1.1986778735345365,2.2478059477960657,29.79,24.77
-1.0093229326479933,1.2849791680444174,-1.1986778735345365,0.0,29.92,29.79
0.11736313170325505,-1.1746128591326266,0.9725122370185867,0.5619514869490164,20.28,16.86
1.2440491960545037,1.2849791680444174,-1.1986778735345365,0.0,33.82,35.05
1.2440491960545037,-1.1746128591326266,0.9725122370185867,0.5619514869490164,21.54,18.48
0.11736313170325505,-1.1746128591326266,0.9725122370185867,0.5619514869490164,20.01,16.86
1.2440491960545037,-0.5124150056618845,0.9725122370185867,-1.1239029738980328,15.59,12.43
1.2440491960545037,-0.5124150056618845,0.9725122370185867,-1.1239029738980328,16.7,13.94
-1.0093229326479933,2.041776714868123,-1.4700766373536769,-0.5619514869490164,25.87,24.32
-1.0093229326479933,2.041776714868123,-1.4700766373536769,-0.5619514869490164,25.88,24.03
1.2440491960545037,0.9065803946325642,-0.6558803458962558,-0.5619514869490164,34.7,32.12
0.11736313170325505,2.041776714868123,-1.4700766373536769,-0.5619514869490164,29.69,28.57
-1.0093229326479933,0.9065803946325642,-0.6558803458962558,-0.5619514869490164,27.17,26.44
1.2440491960545037,0.9065803946325642,-0.6558803458962558,-0.5619514869490164,35.48,32.48
-1.0093229326479933,-0.03941653889706787,-1.1986778735345365,2.2478059477960657,34.5,33.24
-1.0093229326479933,2.041776714868123,-1.4700766373536769,-0.5619514869490164,25.64,24.35
-1.0093229326479933,-1.363812245838553,0.9725122370185867,1.1239029738980328,14.14,12.71
0.11736313170325505,-1.363812245838553,0.9725122370185867,1.1239029738980328,15.95,15.12
-1.7604469755488257,1.2849791680444174,-1.1986778735345365,0.0,29.6,19.68
-1.0093229326479933,-0.7016143923678111,0.9725122370185867,-0.5619514869490164,14.42,11.07
1.2440491960545037,0.528181621220711,-0.6558803458962558,0.0,32.43,28.67
1.2440491960545037,-0.9854134724267,0.9725122370185867,0.0,17.79,14.92
1.2440491960545037,1.2849791680444174,-1.1986778735345365,0.0,39.28,36.47
1.2440491960545037,-0.9854134724267,0.9725122370185867,0.0,17.89,15.29
1.2440491960545037,0.24438254116182206,-0.6558803458962558,0.5619514869490164,46.23,41.32
1.2440491960545037,-0.9854134724267,0.9725122370185867,0.0,18.14,15.23
0.11736313170325505,0.9065803946325642,-0.6558803458962558,-0.5619514869490164,28.02,29.71
-1.0093229326479933,1.2849791680444174,-1.1986778735345365,0.0,30.08,29.62
0.11736313170325505,-0.5124150056618845,0.9725122370185867,-1.1239029738980328,14.74,12.28
-1.0093229326479933,-1.1746128591326266,0.9725122370185867,0.5619514869490164,19.18,15.37
-1.0093229326479933,-0.9854134724267,0.9725122370185867,0.0,13.72,11.69
1.2440491960545037,-0.22861592560299449,0.9725122370185867,-1.6858544608470492,17.03,14.5
-1.0093229326479933,0.528181621220711,-0.6558803458962558,0.0,25.16,24.24
-1.0093229326479933,1.2849791680444174,-1.1986778735345365,0.0,32.54,28.88
0.11736313170325505,-0.03941653889706787,-1.1986778735345365,2.2478059477960657,35.73,36.06
0.11736313170325505,-0.7016143923678111,0.9725122370185867,-0.5619514869490164,15.37,12.91
0.11736313170325505,1.2849791680444174,-1.1986778735345365,0.0,37.58,32.0
0.11736313170325505,-0.5124150056618845,0.9725122370185867,-1.1239029738980328,15.85,12.65
0.11736313170325505,0.9065803946325642,-0.6558803458962558,-0.5619514869490164,28.61,30.05
-1.0093229326479933,-0.7016143923678111,0.9725122370185867,-0.5619514869490164,13.51,11.49
-1.7604469755488257,-0.9854134724267,0.9725122370185867,0.0,12.4,7.18
-1.7604469755488257,-1.1746128591326266,0.9725122370185867,0.5619514869490164,16.78,10.85
1.2440491960545037,1.2849791680444174,-1.1986778735345365,0.0,36.1,36.57
-1.0093229326479933,1.2849791680444174,-1.1986778735345365,0.0,32.83,28.86
1.2440491960545037,-0.5124150056618845,0.9725122370185867,-1.1239029738980328,17.1,14.51
0.11736313170325505,0.9065803946325642,-0.6558803458962558,-0.5619514869490164,34.52,28.4
-1.0093229326479933,-0.03941653889706787,-1.1986778735345365,2.2478059477960657,33.87,32.96
1.2440491960545037,2.041776714868123,-1.4700766373536769,-0.5619514869490164,33.86,32.23
0.11736313170325505,1.2849791680444174,-1.1986778735345365,0.0,32.64,33.27
-1.0093229326479933,-0.7016143923678111,0.9725122370185867,-0.5619514869490164,14.4,11.14
0.11736313170325505,0.24438254116182206,-0.6558803458962558,0.5619514869490164,45.52,39.04
1.2440491960545037,-1.363812245838553,0.9725122370185867,1.1239029738980328,17.36,16.76
1.2440491960545037,0.9065803946325642,-0.6558803458962558,-0.5619514869490164,36.21,32.15
0.11736313170325505,0.528181621220711,-0.6558803458962558,0.0,29.43,24.96
-1.0093229326479933,2.041776714868123,-1.4700766373536769,-0.5619514869490164,25.72,24.23
0.11736313170325505,-0.7016143923678111,0.9725122370185867,-0.5619514869490164,15.83,12.67
-1.7604469755488257,-0.9854134724267,0.9725122370185867,0.0,12.4,7.1
1.2440491960545037,-0.5124150056618845,0.9725122370185867,-1.1239029738980328,17.27,14.4
0.11736313170325505,-0.5124150056618845,0.9725122370185867,-1.1239029738980328,15.81,12.63
0.11736313170325505,0.9065803946325642,-0.6558803458962558,-0.5619514869490164,33.52,28.4
0.11736313170325505,0.9065803946325642,-0.6558803458962558,-0.5619514869490164,30.12,29.6
-1.0093229326479933,-1.1746128591326266,0.9725122370185867,0.5619514869490164,19.29,15.36
1.2440491960545037,-1.363812245838553,0.9725122370185867,1.1239029738980328,16.9,16.47
1.2440491960545037,-0.9854134724267,0.9725122370185867,0.0,17.63,15.18
0.11736313170325505,-0.03941653889706787,-1.1986778735345365,2.2478059477960657,37.05,36.81
0.11736313170325505,2.041776714868123,-1.4700766373536769,-0.5619514869490164,29.49,28.41
-1.0093229326479933,0.9065803946325642,-0.6558803458962558,-0.5619514869490164,25.6,26.91
1.2440491960545037,-0.7016143923678111,0.9725122370185867,-0.5619514869490164,15.87,14.28
1.2440491960545037,-0.22861592560299449,0.9725122370185867,-1.6858544608470492,16.61,14.37
-1.7604469755488257,-0.9854134724267,0.9725122370185867,0.0,12.14,7.1
0.11736313170325505,0.24438254116182206,-0.6558803458962558,0.5619514869490164,45.13,39.04
-1.0093229326479933,0.528181621220711,-0.6558803458962558,0.0,28.61,22.8
1.2440491960545037,-0.7016143923678111,0.9725122370185867,-0.5619514869490164,16.63,14.12
0.11736313170325505,0.24438254116182206,-0.6558803458962558,0.5619514869490164,36.85,39.86
0.11736313170325505,-0.9854134724267,0.9725122370185867,0.0,16.06,13.02
-1.7604469755488257,1.2849791680444174,-1.1986778735345365,0.0,25.16,20.71
1.2440491960545037,0.528181621220711,-0.6558803458962558,0.0,28.2,28.93
1.2440491960545037,-0.22861592560299449,0.9725122370185867,-1.6858544608470492,16.08,13.97
1.2440491960545037,-0.7016143923678111,0.9725122370185867,-0.5619514869490164,17.01,14.71
-1.0093229326479933,-0.03941653889706787,-1.1986778735345365,2.2478059477960657,33.67,32.21
-1.0093229326479933,-0.5124150056618845,0.9725122370185867,-1.1239029738980328,13.8,10.55
1.2440491960545037,-0.7016143923678111,0.9725122370185867,-0.5619514869490164,17.22,14.62
0.11736313170325505,2.041776714868123,-1.4700766373536769,-0.5619514869490164,30.19,28.63
-1.0093229326479933,-0.9854134724267,0.9725122370185867,0.0,14.86,11.44
1.2440491960545037,0.9065803946325642,-0.6558803458962558,-0.5619514869490164,29.69,32.31
-1.0093229326479933,0.24438254116182206,-0.6558803458962558,0.5619514869490164,34.25,36.86
-1.0093229326479933,0.528181621220711,-0.6558803458962558,0.0,28.68,22.93
0.11736313170325505,-1.1746128591326266,0.9725122370185867,0.5619514869490164,20.19,16.76
0.11736313170325505,-0.03941653889706787,-1.1986778735345365,2.2478059477960657,37.29,36.52
-1.0093229326479933,-0.9854134724267,0.9725122370185867,0.0,14.83,11.43
-1.0093229326479933,-0.7016143923678111,0.9725122370185867,-0.5619514869490164,14.61,11.13
0.11736313170325505,0.9065803946325642,-0.6558803458962558,-0.5619514869490164,28.38,29.43
-1.0093229326479933,-0.7016143923678111,0.9725122370185867,-0.5619514869490164,14.73,11.2
0.11736313170325505,1.2849791680444174,-1.1986778735345365,0.0,32.12,32.67
-1.7604469755488257,-0.5124150056618845,0.9725122370185867,-1.1239029738980328,11.72,6.4
-1.0093229326479933,-0.9854134724267,0.9725122370185867,0.0,13.59,11.53
-1.0093229326479933,-0.5124150056618845,0.9725122370185867,-1.1239029738980328,14.14,10.77
0.11736313170325505,-0.5124150056618845,0.9725122370185867,-1.1239029738980328,14.97,12.27
1.2440491960545037,0.24438254116182206,-0.6558803458962558,0.5619514869490164,39.07,42.62
1.2440491960545037,-1.363812245838553,0.9725122370185867,1.1239029738980328,16.03,16.64
0.11736313170325505,0.528181621220711,-0.6558803458962558,0.0,30.17,26.84
1.2440491960545037,0.24438254116182206,-0.6558803458962558,0.5619514869490164,37.7,41.96
-1.0093229326479933,0.24438254116182206,-0.6558803458962558,0.5619514869490164,41.68,35.56
1.2440491960545037,-0.9854134724267,0.9725122370185867,0.0,18.06,15.16
1.2440491960545037,-0.9854134724267,0.9725122370185867,0.0,18.15,15.3
1.2440491960545037,-0.7016143923678111,0.9725122370185867,-0.5619514869490164,17.2,14.42
-1.7604469755488257,-0.9854134724267,0.9725122370185867,0.0,12.23,7.1
0.11736313170325505,2.041776714868123,-1.4700766373536769,-0.5619514869490164,29.28,28.37
-1.0093229326479933,-0.5124150056618845,0.9725122370185867,-1.1239029738980328,13.8,10.71
-1.7604469755488257,0.9065803946325642,-0.6558803458962558,-0.5619514869490164,21.97,19.95
0.11736313170325505,0.528181621220711,-0.6558803458962558,0.0,29.31,24.6
0.11736313170325505,-0.03941653889706787,-1.1986778735345365,2.2478059477960657,37.35,36.28
0.11736313170325505,0.9065803946325642,-0.6558803458962558,-0.5619514869490164,33.93,29.08
0.11736313170325505,-1.363812245838553,0.9725122370185867,1.1239029738980328,15.19,13.68
1.2440491960545037,-0.5124150056618845,0.9725122370185867,-1.1239029738980328,17.12,14.5
1.2440491960545037,-1.1746128591326266,0.9725122370185867,0.5619514869490164,21.68,19.06
0.11736313170325505,-0.03941653889706787,-1.1986778735345365,2.2478059477960657,36.44,36.59
0.11736313170325505,-0.22861592560299449,0.9725122370185867,-1.6858544608470492,15.19,12.43
1.2440491960545037,-1.363812245838553,0.9725122370185867,1.1239029738980328,17.38,17.23
0.11736313170325505,1.2849791680444174,-1.1986778735345365,0.0,36.35,31.63
1.2440491960545037,0.24438254116182206,-0.6558803458962558,0.5619514869490164,48.03,41.92
0.11736313170325505,-0.9854134724267,0.9725122370185867,0.0,15.59,13.0
-1.0093229326479933,-0.5124150056618845,0.9725122370185867,-1.1239029738980328,14.26,10.67
0.11736313170325505,2.041776714868123,-1.4700766373536769,-0.5619514869490164,29.43,28.67
1.2440491960545037,-0.03941653889706787,-1.1986778735345365,2.2478059477960657,40.47,40.57
1.2440491960545037,2.041776714868123,-1.4700766373536769,-0.5619514869490164,33.24,32.69
1.2440491960545037,-1.1746128591326266,0.9725122370185867,0.5619514869490164,21.72,19.2
-1.0093229326479933,-0.22861592560299449,0.9725122370185867,-1.6858544608470492,13.6,10.39
1.2440491960545037,0.9065803946325642,-0.6558803458962558,-0.5619514869490164,30.53,32.74
1.2440491960545037,1.2849791680444174,-1.1986778735345365,0.0,33.98,36.45
0.11736313170325505,0.24438254116182206,-0.6558803458962558,0.5619514869490164,36.77,39.97
1.2440491960545037,-1.1746128591326266,0.9725122370185867,0.5619514869490164,20.21,18.19
1.2440491960545037,-0.9854134724267,0.9725122370185867,0.0,17.86,15.34
-1.0093229326479933,0.24438254116182206,-0.6558803458962558,0.5619514869490164,43.14,36.77
0.11736313170325505,0.528181621220711,-0.6558803458962558,0.0,26.96,25.98
0.11736313170325505,0.9065803946325642,-0.6558803458962558,-0.5619514869490164,28.31,29.88
0.11736313170325505,-1.363812245838553,0.9725122370185867,1.1239029738980328,15.76,15.16
-1.0093229326479933,-0.9854134724267,0.9725122370185867,0.0,15.0,11.33
0.11736313170325505,-0.5124150056618845,0.9725122370185867,-1.1239029738980328,15.32,12.49
1.2440491960545037,-0.5124150056618845,0.9725122370185867,-1.1239029738980328,17.74,14.66
-1.7604469755488257,0.528181621220711,-0.6558803458962558,0.0,21.16,16.95
1.2440491960545037,0.9065803946325642,-0.6558803458962558,-0.5619514869490164,31.0,32.75
-1.0093229326479933,-0.9854134724267,0.9725122370185867,0.0,13.46,11.59
-1.0093229326479933,-0.22861592560299449,0.9725122370185867,-1.6858544608470492,13.5,10.39
0.11736313170325505,1.2849791680444174,-1.1986778735345365,0.0,32.77,32.33
0.11736313170325505,-0.22861592560299449,0.9725122370185867,-1.6858544608470492,15.24,12.3
-1.0093229326479933,0.528181621220711,-0.6558803458962558,0.0,27.38,23.75
-1.0093229326479933,-1.1746128591326266,0.9725122370185867,0.5619514869490164,19.48,15.16
0.11736313170325505,-1.1746128591326266,0.9725122370185867,0.5619514869490164,19.87,16.83
1.2440491960545037,-0.7016143923678111,0.9725122370185867,-0.5619514869490164,16.81,14.54
1.2440491960545037,2.041776714868123,-1.4700766373536769,-0.5619514869490164,33.13,32.71
-1.0093229326479933,0.528181621220711,-0.6558803458962558,0.0,27.57,23.59
1.2440491960545037,-0.9854134724267,0.9725122370185867,0.0,17.64,14.96
-1.0093229326479933,-0.5124150056618845,0.9725122370185867,-1.1239029738980328,14.21,10.68
-1.0093229326479933,-0.22861592560299449,0.9725122370185867,-1.6858544608470492,13.49,10.38
0.11736313170325505,2.041776714868123,-1.4700766373536769,-0.5619514869490164,30.02,28.6
1.2440491960545037,-0.22861592560299449,0.9725122370185867,-1.6858544608470492,17.32,14.44
1.2440491960545037,0.528181621220711,-0.6558803458962558,0.0,29.77,29.47
-1.0093229326479933,-1.363812245838553,0.9725122370185867,1.1239029738980328,14.09,12.68
-1.0093229326479933,-1.363812245838553,0.9725122370185867,1.1239029738980328,14.5,12.97
0.11736313170325505,-0.7016143923678111,0.9725122370185867,-0.5619514869490164,15.44,12.31
1.2440491960545037,0.9065803946325642,-0.6558803458962558,-0.5619514869490164,30.11,32.05
0.11736313170325505,-0.9854134724267,0.9725122370185867,0.0,16.39,13.17
-1.0093229326479933,-0.22861592560299449,0.9725122370185867,-1.6858544608470492,13.65,10.35
0.11736313170325505,-0.03941653889706787,-1.1986778735345365,2.2478059477960657,37.28,35.64
0.11736313170325505,-0.7016143923678111,0.9725122370185867,-0.5619514869490164,14.97,12.12
1.2440491960545037,-0.5124150056618845,0.9725122370185867,-1.1239029738980328,15.33,12.76
0.11736313170325505,-0.5124150056618845,0.9725122370185867,-1.1239029738980328,15.42,12.57
1.2440491960545037,0.24438254116182206,-0.6558803458962558,0.5619514869490164,38.33,42.77
1.2440491960545037,-0.7016143923678111,0.9725122370185867,-0.5619514869490164,16.5,14.51
1.2440491960545037,-1.1746128591326266,0.9725122370185867,0.5619514869490164,21.54,19.13
1.2440491960545037,0.9065803946325642,-0.6558803458962558,-0.5619514869490164,32.28,32.13
-1.0093229326479933,0.9065803946325642,-0.6558803458962558,-0.5619514869490164,30.89,26.28
1.2440491960545037,1.2849791680444174,-1.1986778735345365,0.0,35.04,34.95
0.11736313170325505,2.041776714868123,-1.4700766373536769,-0.5619514869490164,30.1,28.17
-1.0093229326479933,0.528181621220711,-0.6558803458962558,0.0,25.35,24.17
0.11736313170325505,0.528181621220711,-0.6558803458962558,0.0,28.27,25.74
-1.0093229326479933,-1.363812245838553,0.9725122370185867,1.1239029738980328,14.27,12.97
0.11736313170325505,-0.5124150056618845,0.9725122370185867,-1.1239029738980328,15.23,12.25
0.11736313170325505,0.24438254116182206,-0.6558803458962558,0.5619514869490164,43.73,38.65
1.2440491960545037,-0.5124150056618845,0.9725122370185867,-1.1239029738980328,16.77,14.7
-1.7604469755488257,-0.22861592560299449,0.9725122370185867,-1.6858544608470492,10.94,6.01
-1.0093229326479933,-0.9854134724267,0.9725122370185867,0.0,14.54,11.38
1.2440491960545037,0.528181621220711,-0.6558803458962558,0.0,32.92,28.01
-1.7604469755488257,-0.03941653889706787,-1.1986778735345365,2.2478059477960657,29.68,23.93
0.11736313170325505,0.24438254116182206,-0.6558803458962558,0.5619514869490164,37.54,39.89
-1.0093229326479933,0.9065803946325642,-0.6558803458962558,-0.5619514869490164,32.04,25.36
1.2440491960545037,2.041776714868123,-1.4700766373536769,-0.5619514869490164,33.88,32.74
-1.0093229326479933,-0.5124150056618845,0.9725122370185867,-1.1239029738980328,13.87,10.7
1.2440491960545037,0.528181621220711,-0.6558803458962558,0.0,30.65,29.67
-1.0093229326479933,0.528181621220711,-0.6558803458962558,0.0,25.02,24.23
1.2440491960545037,0.24438254116182206,-0.6558803458962558,0.5619514869490164,44.87,40.79
1.2440491960545037,0.528181621220711,-0.6558803458962558,0.0,27.93,29.49
1.2440491960545037,-0.22861592560299449,0.9725122370185867,-1.6858544608470492,16.43,14.54
1.2440491960545037,-1.1746128591326266,0.9725122370185867,0.5619514869490164,22.73,19.36
1.2440491960545037,-1.363812245838553,0.9725122370185867,1.1239029738980328,17.1,16.44
-1.7604469755488257,0.24438254116182206,-0.6558803458962558,0.5619514869490164,31.27,29.9
-1.0093229326479933,0.9065803946325642,-0.6558803458962558,-0.5619514869490164,30.91,26.48
1.2440491960545037,-1.363812245838553,0.9725122370185867,1.1239029738980328,16.79,16.9
-1.0093229326479933,1.2849791680444174,-1.1986778735345365,0.0,29.36,28.83
0.11736313170325505,0.24438254116182206,-0.6558803458962558,0.5619514869490164,37.81,40.03
-1.0093229326479933,0.9065803946325642,-0.6558803458962558,-0.5619514869490164,27.36,26.33
1.2440491960545037,0.528181621220711,-0.6558803458962558,0.0,28.43,29.52
-1.7604469755488257,-0.7016143923678111,0.9725122370185867,-0.5619514869490164,11.93,6.81
0.11736313170325505,2.041776714868123,-1.4700766373536769,-0.5619514869490164,30.0,28.15
1.2440491960545037,0.528181621220711,-0.6558803458962558,0.0,32.54,29.92
-1.0093229326479933,2.041776714868123,-1.4700766373536769,-0.5619514869490164,26.14,24.35
-1.0093229326479933,-1.363812245838553,0.9725122370185867,1.1239029738980328,14.24,12.59
-1.0093229326479933,-1.363812245838553,0.9725122370185867,1.1239029738980328,13.89,12.73
0.11736313170325505,0.528181621220711,-0.6558803458962558,0.0,31.39,26.19
0.11736313170325505,2.041776714868123,-1.4700766373536769,-0.5619514869490164,30.12,28.62
0.11736313170325505,-1.1746128591326266,0.9725122370185867,0.5619514869490164,21.19,17.35
-1.0093229326479933,-0.7016143923678111,0.9725122370185867,-0.5619514869490164,14.55,11.21
-1.7604469755488257,-0.5124150056618845,0.9725122370185867,-1.1239029738980328,11.67,6.4
1.2440491960545037,2.041776714868123,-1.4700766373536769,-0.5619514869490164,33.04,32.53
-1.0093229326479933,-0.03941653889706787,-1.1986778735345365,2.2478059477960657,34.48,32.33
1.2440491960545037,-0.9854134724267,0.9725122370185867,0.0,18.36,15.09
-1.0093229326479933,2.041776714868123,-1.4700766373536769,-0.5619514869490164,26.47,24.58
-1.0093229326479933,1.2849791680444174,-1.1986778735345365,0.0,29.44,29.68
0.11736313170325505,0.9065803946325642,-0.6558803458962558,-0.5619514869490164,34.73,28.66
0.11736313170325505,2.041776714868123,-1.4700766373536769,-0.5619514869490164,29.53,28.69
0.11736313170325505,-0.9854134724267,0.9725122370185867,0.0,16.17,12.86
1.2440491960545037,-0.03941653889706787,-1.1986778735345365,2.2478059477960657,40.1,39.68
0.11736313170325505,0.24438254116182206,-0.6558803458962558,0.5619514869490164,43.66,38.35
0.11736313170325505,-0.5124150056618845,0.9725122370185867,-1.1239029738980328,14.91,12.33
0.11736313170325505,1.2849791680444174,-1.1986778735345365,0.0,36.12,32.68
1.2440491960545037,-0.22861592560299449,0.9725122370185867,-1.6858544608470492,16.93,14.45
-1.0093229326479933,-1.363812245838553,0.9725122370185867,1.1239029738980328,14.34,12.96
1.2440491960545037,0.528181621220711,-0.6558803458962558,0.0,28.99,29.53
1.2440491960545037,-0.03941653889706787,-1.1986778735345365,2.2478059477960657,38.17,39.32
0.11736313170325505,-1.363812245838553,0.9725122370185867,1.1239029738980328,14.89,13.95
1.2440491960545037,1.2849791680444174,-1.1986778735345365,0.0,35.39,36.57
-1.0093229326479933,0.24438254116182206,-0.6558803458962558,0.5619514869490164,34.29,36.7
1.2440491960545037,-0.9854134724267,0.9725122370185867,0.0,17.82,15.29
-1.0093229326479933,0.528181621220711,-0.6558803458962558,0.0,24.61,23.54
1.2440491960545037,-1.363812245838553,0.9725122370185867,1.1239029738980328,17.21,17.17
0.11736313170325505,1.2849791680444174,-1.1986778735345365,0.0,35.62,32.46
-1.0093229326479933,-0.5124150056618845,0.9725122370185867,-1.1239029738980328,13.67,10.64
1.2440491960545037,-1.1746128591326266,0.9725122370185867,0.5619514869490164,22.72,19.52
0.11736313170325505,-0.5124150056618845,0.9725122370185867,-1.1239029738980328,15.44,12.57
-1.0093229326479933,-1.1746128591326266,0.9725122370185867,0.5619514869490164,19.32,15.34
-1.7604469755488257,-0.22861592560299449,0.9725122370185867,-1.6858544608470492,10.9,6.07
1.2440491960545037,-0.9854134724267,0.9725122370185867,0.0,18.36,15.09
-1.7604469755488257,-0.7016143923678111,0.9725122370185867,-0.5619514869490164,11.74,6.85
-1.0093229326479933,-0.03941653889706787,-1.1986778735345365,2.2478059477960657,33.85,32.52
-1.7604469755488257,-1.1746128591326266,0.9725122370185867,0.5619514869490164,16.8,10.54
1.2440491960545037,-0.5124150056618845,0.9725122370185867,-1.1239029738980328,17.47,14.58
0.11736313170325505,-1.363812245838553,0.9725122370185867,1.1239029738980328,15.07,14.61
1.2440491960545037,0.9065803946325642,-0.6558803458962558,-0.5619514869490164,36.86,31.64
-1.0093229326479933,1.2849791680444174,-1.1986778735345365,0.0,34.45,28.03
0.11736313170325505,-1.363812245838553,0.9725122370185867,1.1239029738980328,15.38,14.65
1.2440491960545037,-0.03941653889706787,-1.1986778735345365,2.2478059477960657,39.85,40.6
1.2440491960545037,-0.9854134724267,0.9725122370185867,0.0,18.03,15.23
0.11736313170325505,-0.9854134724267,0.9725122370185867,0.0,15.83,12.93
1.2440491960545037,0.9065803946325642,-0.6558803458962558,-0.5619514869490164,31.6,31.84
1.2440491960545037,0.24438254116182206,-0.6558803458962558,0.5619514869490164,38.23,42.08
1.2440491960545037,0.528181621220711,-0.6558803458962558,0.0,33.54,28.65
0.11736313170325505,-0.22861592560299449,0.9725122370185867,-1.6858544608470492,15.18,12.16
-1.0093229326479933,0.24438254116182206,-0.6558803458962558,0.5619514869490164,35.28,37.12
1.2440491960545037,-1.363812245838553,0.9725122370185867,1.1239029738980328,17.11,16.44
1.2440491960545037,-0.5124150056618845,0.9725122370185867,-1.1239029738980328,15.47,14.03
0.11736313170325505,2.041776714868123,-1.4700766373536769,-0.5619514869490164,29.77,28.58
1.2440491960545037,-1.1746128591326266,0.9725122370185867,0.5619514869490164,22.25,19.0
-1.0093229326479933,0.9065803946325642,-0.6558803458962558,-0.5619514869490164,25.9,26.89
0.11736313170325505,0.24438254116182206,-0.6558803458962558,0.5619514869490164,43.8,38.67
0.11736313170325505,0.24438254116182206,-0.6558803458962558,0.5619514869490164,37.26,40.12
0.11736313170325505,0.9065803946325642,-0.6558803458962558,-0.5619514869490164,32.93,29.4
1.2440491960545037,1.2849791680444174,-1.1986778735345365,0.0,34.94,36.06
0.11736313170325505,-0.7016143923678111,0.9725122370185867,-0.5619514869490164,15.99,12.95
1.2440491960545037,-0.7016143923678111,0.9725122370185867,-0.5619514869490164,17.0,14.7
0.11736313170325505,0.24438254116182206,-0.6558803458962558,0.5619514869490164,36.26,40.0
1.2440491960545037,2.041776714868123,-1.4700766373536769,-0.5619514869490164,32.95,32.85
-1.0093229326479933,2.041776714868123,-1.4700766373536769,-0.5619514869490164,25.63,24.31
-1.0093229326479933,-0.03941653889706787,-1.1986778735345365,2.2478059477960657,34.11,33.28
1.2440491960545037,2.041776714868123,-1.4700766373536769,-0.5619514869490164,32.96,32.82
1.2440491960545037,-0.7016143923678111,0.9725122370185867,-0.5619514869490164,16.87,14.42
0.11736313170325505,0.528181621220711,-0.6558803458962558,0.0,27.84,27.27
1.2440491960545037,-0.7016143923678111,0.9725122370185867,-0.5619514869490164,16.35,14.32
-1.0093229326479933,2.041776714868123,-1.4700766373536769,-0.5619514869490164,25.91,24.38
-1.0093229326479933,0.528181621220711,-0.6558803458962558,0.0,24.93,23.87
1.2440491960545037,-1.363812245838553,0.9725122370185867,1.1239029738980328,17.15,17.14
-1.0093229326479933,-1.363812245838553,0.9725122370185867,1.1239029738980328,13.97,12.74
0.11736313170325505,-1.363812245838553,0.9725122370185867,1.1239029738980328,14.35,13.99
0.11736313170325505,-0.9854134724267,0.9725122370185867,0.0,16.03,12.82
-1.0093229326479933,-0.9854134724267,0.9725122370185867,0.0,14.65,11.22
1.2440491960545037,0.9065803946325642,-0.6558803458962558,-0.5619514869490164,31.53,32.38
1.2440491960545037,-1.1746128591326266,0.9725122370185867,0.5619514869490164,20.71,18.16
0.11736313170325505,-0.9854134724267,0.9725122370185867,0.0,16.27,13.18
1.2440491960545037,-1.1746128591326266,0.9725122370185867,0.5619514869490164,22.49,18.84
1.2440491960545037,0.528181621220711,-0.6558803458962558,0.0,31.71,29.22
-1.0093229326479933,-0.9854134724267,0.9725122370185867,0.0,14.75,11.42
0.11736313170325505,0.24438254116182206,-0.6558803458962558,0.5619514869490164,44.16,38.33
1.2440491960545037,0.528181621220711,-0.6558803458962558,0.0,33.84,29.06
-1.0093229326479933,1.2849791680444174,-1.1986778735345365,0.0,29.34,29.06
-1.0093229326479933,-1.1746128591326266,0.9725122370185867,0.5619514869490164,19.23,15.41
-1.0093229326479933,-1.363812245838553,0.9725122370185867,1.1239029738980328,14.47,13.0
0.11736313170325505,0.9065803946325642,-0.6558803458962558,-0.5619514869490164,29.43,29.09
0.11736313170325505,0.24438254116182206,-0.6558803458962558,0.5619514869490164,37.41,40.19
-1.7604469755488257,-0.22861592560299449,0.9725122370185867,-1.6858544608470492,11.19,6.05
-1.0093229326479933,-0.9854134724267,0.9725122370185867,0.0,13.7,11.6
-1.0093229326479933,0.24438254116182206,-0.6558803458962558,0.5619514869490164,34.43,36.9
0.11736313170325505,-0.7016143923678111,0.9725122370185867,-0.5619514869490164,15.63,12.93
-1.7604469755488257,-0.7016143923678111,0.9725122370185867,-0.5619514869490164,11.73,6.77
1.2440491960545037,-0.03941653889706787,-1.1986778735345365,2.2478059477960657,39.48,40.78
-1.0093229326479933,-0.9854134724267,0.9725122370185867,0.0,13.65,11.69
-1.0093229326479933,0.9065803946325642,-0.6558803458962558,-0.5619514869490164,31.06,26.33
1.2440491960545037,2.041776714868123,-1.4700766373536769,-0.5619514869490164,33.76,32.21
0.11736313170325505,0.9065803946325642,-0.6558803458962558,-0.5619514869490164,29.82,29.07
0.11736313170325505,-1.1746128591326266,0.9725122370185867,0.5619514869490164,20.46,16.66
1.2440491960545037,2.041776714868123,-1.4700766373536769,-0.5619514869490164,33.06,32.67
1.2440491960545037,-0.22861592560299449,0.9725122370185867,-1.6858544608470492,16.7,14.39
0.11736313170325505,0.528181621220711,-0.6558803458962558,0.0,26.41,25.17
-1.0093229326479933,-0.03941653889706787,-1.1986778735345365,2.2478059477960657,34.14,32.94
1.2440491960545037,-0.5124150056618845,0.9725122370185867,-1.1239029738980328,16.85,14.6
1.2440491960545037,-1.1746128591326266,0.9725122370185867,0.5619514869490164,20.82,17.69
1.2440491960545037,1.2849791680444174,-1.1986778735345365,0.0,37.26,34.24
0.11736313170325505,0.24438254116182206,-0.6558803458962558,0.5619514869490164,45.28,39.01
1.2440491960545037,0.9065803946325642,-0.6558803458962558,-0.5619514869490164,35.99,31.89
-1.7604469755488257,0.528181621220711,-0.6558803458962558,0.0,23.77,17.05
-1.0093229326479933,-1.1746128591326266,0.9725122370185867,0.5619514869490164,19.34,15.42
1.2440491960545037,0.24438254116182206,-0.6558803458962558,0.5619514869490164,38.56,42.11
0.11736313170325505,-1.363812245838553,0.9725122370185867,1.1239029738980328,14.89,13.91
-1.0093229326479933,-0.5124150056618845,0.9725122370185867,-1.1239029738980328,14.28,10.8
0.11736313170325505,-1.1746128591326266,0.9725122370185867,0.5619514869490164,20.03,16.93
0.11736313170325505,1.2849791680444174,-1.1986778735345365,0.0,32.71,32.84
1.2440491960545037,-0.9854134724267,0.9725122370185867,0.0,18.14,15.23
1.2440491960545037,0.528181621220711,-0.6558803458962558,0.0,32.35,28.05
0.11736313170325505,0.528181621220711,-0.6558803458962558,0.0,26.72,25.38
0.11736313170325505,-1.363812245838553,0.9725122370185867,1.1239029738980328,15.3,14.6
1.2440491960545037,-0.03941653889706787,-1.1986778735345365,2.2478059477960657,40.36,40.68
0.11736313170325505,-1.363812245838553,0.9725122370185867,1.1239029738980328,14.61,14.16
-1.0093229326479933,0.24438254116182206,-0.6558803458962558,0.5619514869490164,35.1,36.97
0.11736313170325505,-1.1746128591326266,0.9725122370185867,0.5619514869490164,20.37,16.56
0.11736313170325505,-0.9854134724267,0.9725122370185867,0.0,16.14,12.74
1.2440491960545037,0.9065803946325642,-0.6558803458962558,-0.5619514869490164,36.2,31.66
1.2440491960545037,-1.1746128591326266,0.9725122370185867,0.5619514869490164,21.4,17.88
-1.0093229326479933,-1.363812245838553,0.9725122370185867,1.1239029738980328,14.28,13.0
-1.7604469755488257,2.041776714868123,-1.4700766373536769,-0.5619514869490164,21.33,15.55
-1.0093229326479933,0.24438254116182206,-0.6558803458962558,0.5619514869490164,41.22,35.48
-1.0093229326479933,-0.7016143923678111,0.9725122370185867,-0.5619514869490164,14.39,11.16
1.2440491960545037,0.24438254116182206,-0.6558803458962558,0.5619514869490164,44.18,41.3
0.11736313170325505,-0.03941653889706787,-1.1986778735345365,2.2478059477960657,37.58,36.13
-1.0093229326479933,-1.1746128591326266,0.9725122370185867,0.5619514869490164,19.24,15.4
-1.0093229326479933,1.2849791680444174,-1.1986778735345365,0.0,34.2,27.9
