,glazing_area,relative_compactness,roof_area,wall_area,heating_load
580,1.2440491960545037,-0.2286159256029944,0.9725122370185868,-1.6858544608470492,14.44
418,1.2440491960545037,0.9065803946325642,-0.6558803458962558,-0.5619514869490164,32.39
764,1.2440491960545037,0.244382541161822,-0.6558803458962558,0.5619514869490164,41.3
363,1.2440491960545037,0.9065803946325642,-0.6558803458962558,-0.5619514869490164,31.28
757,0.117363131703255,-0.9854134724267,0.9725122370185868,0.0,12.74
636,-1.009322932647993,-0.7016143923678111,0.9725122370185868,-0.5619514869490164,11.21
155,0.117363131703255,-1.1746128591326266,0.9725122370185868,0.5619514869490164,17.11
390,1.2440491960545037,0.244382541161822,-0.6558803458962558,0.5619514869490164,43.1
761,-1.7604469755488257,2.041776714868123,-1.4700766373536769,-0.5619514869490164,15.55
358,0.117363131703255,-0.0394165388970678,-1.1986778735345365,2.2478059477960657,35.99
535,0.117363131703255,-0.0394165388970678,-1.1986778735345365,2.2478059477960657,36.28
200,-1.009322932647993,0.528181621220711,-0.6558803458962558,0.0,23.8
66,-1.009322932647993,-0.9854134724267,0.9725122370185868,0.0,11.34
567,-1.009322932647993,-0.2286159256029944,0.9725122370185868,-1.6858544608470492,10.39
540,0.117363131703255,-0.0394165388970678,-1.1986778735345365,2.2478059477960657,36.59
625,-1.009322932647993,0.9065803946325642,-0.6558803458962558,-0.5619514869490164,26.33
12,-1.009322932647993,-0.0394165388970678,-1.1986778735345365,2.2478059477960657,33.09
161,1.2440491960545037,-0.2286159256029944,0.9725122370185868,-1.6858544608470492,14.61
710,1.2440491960545037,-1.1746128591326266,0.9725122370185868,0.5619514869490164,18.16
531,0.117363131703255,2.041776714868123,-1.4700766373536769,-0.5619514869490164,28.37
666,1.2440491960545037,-0.9854134724267,0.9725122370185868,0.0,15.09
252,1.2440491960545037,-0.2286159256029944,0.9725122370185868,-1.6858544608470492,14.48
293,1.2440491960545037,-0.0394165388970678,-1.1986778735345365,2.2478059477960657,40.4
613,1.2440491960545037,0.528181621220711,-0.6558803458962558,0.0,29.67
159,-1.009322932647993,2.041776714868123,-1.4700766373536769,-0.5619514869490164,24.4
711,0.117363131703255,-0.9854134724267,0.9725122370185868,0.0,13.18
745,0.117363131703255,-1.363812245838553,0.9725122370185868,1.1239029738980328,13.91
447,1.2440491960545037,-0.9854134724267,0.9725122370185868,0.0,15.29
229,0.117363131703255,-0.2286159256029944,0.9725122370185868,-1.6858544608470492,12.02
533,-1.7604469755488257,0.9065803946325642,-0.6558803458962558,-0.5619514869490164,19.95
585,1.2440491960545037,0.9065803946325642,-0.6558803458962558,-0.5619514869490164,32.05
467,-1.009322932647993,1.2849791680444174,-1.1986778735345365,0.0,28.86
700,0.117363131703255,0.528181621220711,-0.6558803458962558,0.0,27.27
590,1.2440491960545037,-0.5124150056618845,0.9725122370185868,-1.1239029738980328,12.76
680,1.2440491960545037,0.528181621220711,-0.6558803458962558,0.0,28.65
15,1.2440491960545037,0.244382541161822,-0.6558803458962558,0.5619514869490164,41.67
245,1.2440491960545037,-1.1746128591326266,0.9725122370185868,0.5619514869490164,18.71
337,1.2440491960545037,2.041776714868123,-1.4700766373536769,-0.5619514869490164,32.72
6,-1.009322932647993,-0.7016143923678111,0.9725122370185868,-0.5619514869490164,11.45
522,1.2440491960545037,0.244382541161822,-0.6558803458962558,0.5619514869490164,42.62
520,-1.009322932647993,-0.5124150056618845,0.9725122370185868,-1.1239029738980328,10.77
104,0.117363131703255,-0.5124150056618845,0.9725122370185868,-1.1239029738980328,12.49
453,-1.009322932647993,-1.1746128591326266,0.9725122370185868,0.5619514869490164,15.37
402,-1.009322932647993,-0.2286159256029944,0.9725122370185868,-1.6858544608470492,10.08
701,1.2440491960545037,-0.7016143923678111,0.9725122370185868,-0.5619514869490164,14.32
90,-1.009322932647993,2.041776714868123,-1.4700766373536769,-0.5619514869490164,24.63
678,1.2440491960545037,0.9065803946325642,-0.6558803458962558,-0.5619514869490164,31.84
401,-1.009322932647993,-0.2286159256029944,0.9725122370185868,-1.6858544608470492,10.37
505,1.2440491960545037,-0.7016143923678111,0.9725122370185868,-0.5619514869490164,14.62
218,1.2440491960545037,-1.363812245838553,0.9725122370185868,1.1239029738980328,16.48
696,-1.009322932647993,2.041776714868123,-1.4700766373536769,-0.5619514869490164,24.31
652,1.2440491960545037,0.528181621220711,-0.6558803458962558,0.0,29.53
205,-1.7604469755488257,-1.1746128591326266,0.9725122370185868,0.5619514869490164,10.56
389,-1.009322932647993,0.528181621220711,-0.6558803458962558,0.0,22.89
190,-1.7604469755488257,2.041776714868123,-1.4700766373536769,-0.5619514869490164,15.55
494,0.117363131703255,0.244382541161822,-0.6558803458962558,0.5619514869490164,39.04
483,0.117363131703255,0.9065803946325642,-0.6558803458962558,-0.5619514869490164,28.4
194,-1.7604469755488257,0.244382541161822,-0.6558803458962558,0.5619514869490164,28.75
484,0.117363131703255,0.9065803946325642,-0.6558803458962558,-0.5619514869490164,29.6
132,0.117363131703255,-0.2286159256029944,0.9725122370185868,-1.6858544608470492,12.35
233,-1.7604469755488257,-1.363812245838553,0.9725122370185868,1.1239029738980328,8.49
173,1.2440491960545037,-0.7016143923678111,0.9725122370185868,-0.5619514869490164,14.33
178,-1.009322932647993,0.244382541161822,-0.6558803458962558,0.5619514869490164,37.26
741,1.2440491960545037,0.9065803946325642,-0.6558803458962558,-0.5619514869490164,31.89
579,0.117363131703255,2.041776714868123,-1.4700766373536769,-0.5619514869490164,28.6
206,1.2440491960545037,-0.2286159256029944,0.9725122370185868,-1.6858544608470492,14.52
441,0.117363131703255,-1.363812245838553,0.9725122370185868,1.1239029738980328,15.12
96,1.2440491960545037,-1.1746128591326266,0.9725122370185868,0.5619514869490164,18.48
657,1.2440491960545037,-0.9854134724267,0.9725122370185868,0.0,15.29
333,-1.009322932647993,-1.363812245838553,0.9725122370185868,1.1239029738980328,12.85
749,1.2440491960545037,-0.9854134724267,0.9725122370185868,0.0,15.23
89,0.117363131703255,-1.1746128591326266,0.9725122370185868,0.5619514869490164,16.84
407,-1.009322932647993,0.9065803946325642,-0.6558803458962558,-0.5619514869490164,25.36
179,0.117363131703255,-0.9854134724267,0.9725122370185868,0.0,13.0
0,-1.7604469755488257,-0.0394165388970678,-1.1986778735345365,2.2478059477960657,23.93
46,0.117363131703255,-1.363812245838553,0.9725122370185868,1.1239029738980328,15.09
171,-1.009322932647993,-1.1746128591326266,0.9725122370185868,0.5619514869490164,15.32
730,1.2440491960545037,2.041776714868123,-1.4700766373536769,-0.5619514869490164,32.21
432,-1.009322932647993,2.041776714868123,-1.4700766373536769,-0.5619514869490164,24.32
107,-1.009322932647993,2.041776714868123,-1.4700766373536769,-0.5619514869490164,24.33
133,1.2440491960545037,-0.7016143923678111,0.9725122370185868,-0.5619514869490164,14.71
621,-1.009322932647993,0.9065803946325642,-0.6558803458962558,-0.5619514869490164,26.48
223,0.117363131703255,-0.7016143923678111,0.9725122370185868,-0.5619514869490164,12.47
477,0.117363131703255,0.528181621220711,-0.6558803458962558,0.0,24.96
102,-1.009322932647993,-0.2286159256029944,0.9725122370185868,-1.6858544608470492,10.47
108,-1.009322932647993,-1.363812245838553,0.9725122370185868,1.1239029738980328,12.8
213,-1.009322932647993,1.2849791680444174,-1.1986778735345365,0.0,29.03
489,0.117363131703255,2.041776714868123,-1.4700766373536769,-0.5619514869490164,28.41
356,0.117363131703255,0.528181621220711,-0.6558803458962558,0.0,26.97
246,0.117363131703255,-0.0394165388970678,-1.1986778735345365,2.2478059477960657,36.26
478,-1.009322932647993,2.041776714868123,-1.4700766373536769,-0.5619514869490164,24.23
466,1.2440491960545037,1.2849791680444174,-1.1986778735345365,0.0,36.57
125,0.117363131703255,-0.7016143923678111,0.9725122370185868,-0.5619514869490164,12.73
454,-1.009322932647993,-0.9854134724267,0.9725122370185868,0.0,11.69
549,1.2440491960545037,2.041776714868123,-1.4700766373536769,-0.5619514869490164,32.69
412,1.2440491960545037,-1.363812245838553,0.9725122370185868,1.1239029738980328,17.14
620,-1.7604469755488257,0.244382541161822,-0.6558803458962558,0.5619514869490164,29.9
224,-1.009322932647993,-0.5124150056618845,0.9725122370185868,-1.1239029738980328,10.68
26,0.117363131703255,-0.0394165388970678,-1.1986778735345365,2.2478059477960657,36.96
360,1.2440491960545037,-0.7016143923678111,0.9725122370185868,-0.5619514869490164,14.33
614,-1.009322932647993,0.528181621220711,-0.6558803458962558,0.0,24.23
743,-1.009322932647993,-1.1746128591326266,0.9725122370185868,0.5619514869490164,15.42
346,1.2440491960545037,-0.5124150056618845,0.9725122370185868,-1.1239029738980328,14.47
3,-1.009322932647993,1.2849791680444174,-1.1986778735345365,0.0,29.87
134,-1.009322932647993,-0.5124150056618845,0.9725122370185868,-1.1239029738980328,10.75
325,-1.009322932647993,0.244382541161822,-0.6558803458962558,0.5619514869490164,35.65
434,1.2440491960545037,0.9065803946325642,-0.6558803458962558,-0.5619514869490164,32.12
186,-1.7604469755488257,0.9065803946325642,-0.6558803458962558,-0.5619514869490164,18.31
492,1.2440491960545037,-0.2286159256029944,0.9725122370185868,-1.6858544608470492,14.37
295,0.117363131703255,0.9065803946325642,-0.6558803458962558,-0.5619514869490164,29.87
641,-1.009322932647993,2.041776714868123,-1.4700766373536769,-0.5619514869490164,24.58
428,1.2440491960545037,-1.1746128591326266,0.9725122370185868,0.5619514869490164,18.48
604,1.2440491960545037,-0.5124150056618845,0.9725122370185868,-1.1239029738980328,14.7
689,0.117363131703255,0.244382541161822,-0.6558803458962558,0.5619514869490164,40.12
225,0.117363131703255,0.528181621220711,-0.6558803458962558,0.0,25.17
628,0.117363131703255,2.041776714868123,-1.4700766373536769,-0.5619514869490164,28.15
330,-1.009322932647993,-0.2286159256029944,0.9725122370185868,-1.6858544608470492,10.15
425,-1.009322932647993,1.2849791680444174,-1.1986778735345365,0.0,29.79
332,0.117363131703255,-1.363812245838553,0.9725122370185868,1.1239029738980328,13.99
369,-1.009322932647993,-0.5124150056618845,0.9725122370185868,-1.1239029738980328,13.69
695,1.2440491960545037,2.041776714868123,-1.4700766373536769,-0.5619514869490164,32.85
521,0.117363131703255,-0.5124150056618845,0.9725122370185868,-1.1239029738980328,12.27
731,0.117363131703255,0.9065803946325642,-0.6558803458962558,-0.5619514869490164,29.07
497,0.117363131703255,0.244382541161822,-0.6558803458962558,0.5619514869490164,39.86
516,-1.009322932647993,-0.7016143923678111,0.9725122370185868,-0.5619514869490164,11.2
485,-1.009322932647993,-1.1746128591326266,0.9725122370185868,0.5619514869490164,15.36
392,0.117363131703255,-0.9854134724267,0.9725122370185868,0.0,12.78
576,1.2440491960545037,-0.9854134724267,0.9725122370185868,0.0,14.96
112,-1.009322932647993,-1.363812245838553,0.9725122370185868,1.1239029738980328,13.04
748,0.117363131703255,1.2849791680444174,-1.1986778735345365,0.0,32.84
673,-1.009322932647993,1.2849791680444174,-1.1986778735345365,0.0,28.03
20,0.117363131703255,-0.2286159256029944,0.9725122370185868,-1.6858544608470492,12.12
65,0.117363131703255,-0.9854134724267,0.9725122370185868,0.0,12.97
298,-1.009322932647993,-0.2286159256029944,0.9725122370185868,-1.6858544608470492,10.46
126,0.117363131703255,-0.0394165388970678,-1.1986778735345365,2.2478059477960657,35.69
259,-1.009322932647993,-0.5124150056618845,0.9725122370185868,-1.1239029738980328,10.78
569,0.117363131703255,-0.2286159256029944,0.9725122370185868,-1.6858544608470492,12.3
752,0.117363131703255,-1.363812245838553,0.9725122370185868,1.1239029738980328,14.6
339,1.2440491960545037,2.041776714868123,-1.4700766373536769,-0.5619514869490164,32.24
642,-1.009322932647993,1.2849791680444174,-1.1986778735345365,0.0,29.68
137,-1.7604469755488257,0.244382541161822,-0.6558803458962558,0.5619514869490164,28.52
501,1.2440491960545037,-0.2286159256029944,0.9725122370185868,-1.6858544608470492,13.97
7,0.117363131703255,-0.2286159256029944,0.9725122370185868,-1.6858544608470492,12.3
342,-1.009322932647993,-0.0394165388970678,-1.1986778735345365,2.2478059477960657,32.46
702,-1.009322932647993,2.041776714868123,-1.4700766373536769,-0.5619514869490164,24.38
309,0.117363131703255,0.528181621220711,-0.6558803458962558,0.0,25.7
637,-1.7604469755488257,-0.5124150056618845,0.9725122370185868,-1.1239029738980328,6.4
532,-1.009322932647993,-0.5124150056618845,0.9725122370185868,-1.1239029738980328,10.71
185,0.117363131703255,1.2849791680444174,-1.1986778735345365,0.0,32.68
523,1.2440491960545037,-1.363812245838553,0.9725122370185868,1.1239029738980328,16.64
353,0.117363131703255,0.528181621220711,-0.6558803458962558,0.0,25.49
460,0.117363131703255,1.2849791680444174,-1.1986778735345365,0.0,32.0
153,0.117363131703255,0.244382541161822,-0.6558803458962558,0.5619514869490164,39.83
54,0.117363131703255,1.2849791680444174,-1.1986778735345365,0.0,32.46
30,1.2440491960545037,-0.9854134724267,0.9725122370185868,0.0,14.72
424,-1.7604469755488257,-0.0394165388970678,-1.1986778735345365,2.2478059477960657,24.77
682,-1.009322932647993,0.244382541161822,-0.6558803458962558,0.5619514869490164,37.12
100,0.117363131703255,0.528181621220711,-0.6558803458962558,0.0,25.37
679,1.2440491960545037,0.244382541161822,-0.6558803458962558,0.5619514869490164,42.08
631,-1.009322932647993,-1.363812245838553,0.9725122370185868,1.1239029738980328,12.59
724,-1.009322932647993,0.244382541161822,-0.6558803458962558,0.5619514869490164,36.9
237,0.117363131703255,0.9065803946325642,-0.6558803458962558,-0.5619514869490164,29.47
665,-1.7604469755488257,-0.2286159256029944,0.9725122370185868,-1.6858544608470492,6.07
56,0.117363131703255,-0.0394165388970678,-1.1986778735345365,2.2478059477960657,36.64
60,-1.7604469755488257,1.2849791680444174,-1.1986778735345365,0.0,21.46
502,1.2440491960545037,-0.7016143923678111,0.9725122370185868,-0.5619514869490164,14.71
262,0.117363131703255,-0.2286159256029944,0.9725122370185868,-1.6858544608470492,12.41
435,0.117363131703255,2.041776714868123,-1.4700766373536769,-0.5619514869490164,28.57
264,1.2440491960545037,0.9065803946325642,-0.6558803458962558,-0.5619514869490164,31.12
712,1.2440491960545037,-1.1746128591326266,0.9725122370185868,0.5619514869490164,18.84
458,0.117363131703255,-0.0394165388970678,-1.1986778735345365,2.2478059477960657,36.06
208,-1.7604469755488257,0.9065803946325642,-0.6558803458962558,-0.5619514869490164,19.5
391,0.117363131703255,-0.7016143923678111,0.9725122370185868,-0.5619514869490164,12.12
506,0.117363131703255,2.041776714868123,-1.4700766373536769,-0.5619514869490164,28.63
449,1.2440491960545037,-0.9854134724267,0.9725122370185868,0.0,15.23
167,1.2440491960545037,0.244382541161822,-0.6558803458962558,0.5619514869490164,42.96
38,1.2440491960545037,-0.5124150056618845,0.9725122370185868,-1.1239029738980328,14.7
635,0.117363131703255,-1.1746128591326266,0.9725122370185868,0.5619514869490164,17.35
686,1.2440491960545037,-1.1746128591326266,0.9725122370185868,0.5619514869490164,19.0
627,-1.7604469755488257,-0.7016143923678111,0.9725122370185868,-0.5619514869490164,6.81
300,-1.009322932647993,-1.1746128591326266,0.9725122370185868,0.5619514869490164,15.12
722,-1.7604469755488257,-0.2286159256029944,0.9725122370185868,-1.6858544608470492,6.05
495,-1.009322932647993,0.528181621220711,-0.6558803458962558,0.0,22.8
650,1.2440491960545037,-0.2286159256029944,0.9725122370185868,-1.6858544608470492,14.45
163,1.2440491960545037,2.041776714868123,-1.4700766373536769,-0.5619514869490164,32.26
124,0.117363131703255,-0.7016143923678111,0.9725122370185868,-0.5619514869490164,12.34
154,-1.7604469755488257,0.528181621220711,-0.6558803458962558,0.0,17.41
336,1.2440491960545037,0.244382541161822,-0.6558803458962558,0.5619514869490164,41.26
59,-1.009322932647993,-1.1746128591326266,0.9725122370185868,0.5619514869490164,15.36
493,-1.7604469755488257,-0.9854134724267,0.9725122370185868,0.0,7.1
304,-1.009322932647993,0.9065803946325642,-0.6558803458962558,-0.5619514869490164,26.45
716,1.2440491960545037,0.528181621220711,-0.6558803458962558,0.0,29.06
601,-1.009322932647993,-1.363812245838553,0.9725122370185868,1.1239029738980328,12.97
343,1.2440491960545037,-0.0394165388970678,-1.1986778735345365,2.2478059477960657,40.15
592,1.2440491960545037,0.244382541161822,-0.6558803458962558,0.5619514869490164,42.77
311,0.117363131703255,-0.5124150056618845,0.9725122370185868,-1.1239029738980328,12.36
427,1.2440491960545037,1.2849791680444174,-1.1986778735345365,0.0,35.05
474,0.117363131703255,0.244382541161822,-0.6558803458962558,0.5619514869490164,39.04
158,-1.7604469755488257,-0.5124150056618845,0.9725122370185868,-1.1239029738980328,6.366
51,0.117363131703255,-1.363812245838553,0.9725122370185868,1.1239029738980328,14.34
715,0.117363131703255,0.244382541161822,-0.6558803458962558,0.5619514869490164,38.33
767,-1.009322932647993,1.2849791680444174,-1.1986778735345365,0.0,27.9
517,0.117363131703255,1.2849791680444174,-1.1986778735345365,0.0,32.67
361,-1.009322932647993,-0.2286159256029944,0.9725122370185868,-1.6858544608470492,10.39
457,-1.009322932647993,1.2849791680444174,-1.1986778735345365,0.0,28.88
658,-1.009322932647993,0.528181621220711,-0.6558803458962558,0.0,23.54
219,1.2440491960545037,-0.5124150056618845,0.9725122370185868,-1.1239029738980328,12.63
615,1.2440491960545037,0.244382541161822,-0.6558803458962558,0.5619514869490164,40.79
308,-1.009322932647993,-1.1746128591326266,0.9725122370185868,0.5619514869490164,15.16
74,-1.009322932647993,-0.7016143923678111,0.9725122370185868,-0.5619514869490164,11.1
282,0.117363131703255,-0.9854134724267,0.9725122370185868,0.0,12.92
561,-1.009322932647993,-0.9854134724267,0.9725122370185868,0.0,11.33
348,-1.009322932647993,2.041776714868123,-1.4700766373536769,-0.5619514869490164,24.13
519,-1.009322932647993,-0.9854134724267,0.9725122370185868,0.0,11.53
4,-1.009322932647993,0.528181621220711,-0.6558803458962558,0.0,23.67
616,1.2440491960545037,0.528181621220711,-0.6558803458962558,0.0,29.49
437,1.2440491960545037,0.9065803946325642,-0.6558803458962558,-0.5619514869490164,32.48
596,-1.009322932647993,0.9065803946325642,-0.6558803458962558,-0.5619514869490164,26.28
487,1.2440491960545037,-0.9854134724267,0.9725122370185868,0.0,15.18
674,0.117363131703255,-1.363812245838553,0.9725122370185868,1.1239029738980328,14.65
5,-1.009322932647993,-1.1746128591326266,0.9725122370185868,0.5619514869490164,15.21
141,1.2440491960545037,0.244382541161822,-0.6558803458962558,0.5619514869490164,42.49
558,0.117363131703255,0.528181621220711,-0.6558803458962558,0.0,25.98
135,-1.009322932647993,0.244382541161822,-0.6558803458962558,0.5619514869490164,35.45
630,-1.009322932647993,2.041776714868123,-1.4700766373536769,-0.5619514869490164,24.35
378,-1.009322932647993,0.9065803946325642,-0.6558803458962558,-0.5619514869490164,27.03
685,0.117363131703255,2.041776714868123,-1.4700766373536769,-0.5619514869490164,28.58
22,-1.009322932647993,-0.2286159256029944,0.9725122370185868,-1.6858544608470492,10.14
692,0.117363131703255,-0.7016143923678111,0.9725122370185868,-0.5619514869490164,12.95
276,0.117363131703255,-0.9854134724267,0.9725122370185868,0.0,12.95
284,0.117363131703255,2.041776714868123,-1.4700766373536769,-0.5619514869490164,28.15
270,-1.7604469755488257,-1.363812245838553,0.9725122370185868,1.1239029738980328,8.5
426,0.117363131703255,-1.1746128591326266,0.9725122370185868,0.5619514869490164,16.86
732,0.117363131703255,-1.1746128591326266,0.9725122370185868,0.5619514869490164,16.66
281,0.117363131703255,-0.2286159256029944,0.9725122370185868,-1.6858544608470492,11.69
420,1.2440491960545037,-0.0394165388970678,-1.1986778735345365,2.2478059477960657,39.31
220,0.117363131703255,0.528181621220711,-0.6558803458962558,0.0,25.48
693,1.2440491960545037,-0.7016143923678111,0.9725122370185868,-0.5619514869490164,14.7
320,0.117363131703255,-0.5124150056618845,0.9725122370185868,-1.1239029738980328,12.29
439,-1.009322932647993,2.041776714868123,-1.4700766373536769,-0.5619514869490164,24.35
372,1.2440491960545037,-0.5124150056618845,0.9725122370185868,-1.1239029738980328,14.71
120,1.2440491960545037,-0.0394165388970678,-1.1986778735345365,2.2478059477960657,39.97
81,0.117363131703255,-0.7016143923678111,0.9725122370185868,-0.5619514869490164,12.18
751,0.117363131703255,0.528181621220711,-0.6558803458962558,0.0,25.38
13,0.117363131703255,-1.363812245838553,0.9725122370185868,1.1239029738980328,14.34
481,1.2440491960545037,-0.5124150056618845,0.9725122370185868,-1.1239029738980328,14.4
455,1.2440491960545037,-0.2286159256029944,0.9725122370185868,-1.6858544608470492,14.5
742,-1.7604469755488257,0.528181621220711,-0.6558803458962558,0.0,17.05
734,1.2440491960545037,-0.2286159256029944,0.9725122370185868,-1.6858544608470492,14.39
160,0.117363131703255,0.528181621220711,-0.6558803458962558,0.0,24.94
747,0.117363131703255,-1.1746128591326266,0.9725122370185868,0.5619514869490164,16.93
238,-1.009322932647993,-0.2286159256029944,0.9725122370185868,-1.6858544608470492,10.43
379,-1.009322932647993,-0.5124150056618845,0.9725122370185868,-1.1239029738980328,10.68
513,-1.009322932647993,-0.9854134724267,0.9725122370185868,0.0,11.43
538,1.2440491960545037,-0.5124150056618845,0.9725122370185868,-1.1239029738980328,14.5
440,-1.009322932647993,-1.363812245838553,0.9725122370185868,1.1239029738980328,12.71
545,0.117363131703255,-0.9854134724267,0.9725122370185868,0.0,13.0
571,-1.009322932647993,-1.1746128591326266,0.9725122370185868,0.5619514869490164,15.16
195,-1.009322932647993,-0.0394165388970678,-1.1986778735345365,2.2478059477960657,33.27
191,0.117363131703255,0.9065803946325642,-0.6558803458962558,-0.5619514869490164,29.34
116,0.117363131703255,1.2849791680444174,-1.1986778735345365,0.0,32.29
584,0.117363131703255,-0.7016143923678111,0.9725122370185868,-0.5619514869490164,12.31
765,0.117363131703255,-0.0394165388970678,-1.1986778735345365,2.2478059477960657,36.13
164,1.2440491960545037,1.2849791680444174,-1.1986778735345365,0.0,35.73
106,0.117363131703255,-0.5124150056618845,0.9725122370185868,-1.1239029738980328,12.28
16,-1.009322932647993,2.041776714868123,-1.4700766373536769,-0.5619514869490164,24.28
63,1.2440491960545037,-1.1746128591326266,0.9725122370185868,0.5619514869490164,19.12
470,-1.009322932647993,-0.0394165388970678,-1.1986778735345365,2.2478059477960657,32.96
384,-1.009322932647993,-0.0394165388970678,-1.1986778735345365,2.2478059477960657,32.31
708,-1.009322932647993,-0.9854134724267,0.9725122370185868,0.0,11.22
105,0.117363131703255,-0.2286159256029944,0.9725122370185868,-1.6858544608470492,12.45
542,1.2440491960545037,-1.363812245838553,0.9725122370185868,1.1239029738980328,17.23
491,1.2440491960545037,-0.7016143923678111,0.9725122370185868,-0.5619514869490164,14.28
719,-1.009322932647993,-1.363812245838553,0.9725122370185868,1.1239029738980328,13.0
329,0.117363131703255,-0.2286159256029944,0.9725122370185868,-1.6858544608470492,12.43
475,1.2440491960545037,-1.363812245838553,0.9725122370185868,1.1239029738980328,16.76
480,-1.7604469755488257,-0.9854134724267,0.9725122370185868,0.0,7.1
498,0.117363131703255,-0.9854134724267,0.9725122370185868,0.0,13.02
345,0.117363131703255,0.9065803946325642,-0.6558803458962558,-0.5619514869490164,29.39
668,-1.009322932647993,-0.0394165388970678,-1.1986778735345365,2.2478059477960657,32.52
405,-1.009322932647993,-1.363812245838553,0.9725122370185868,1.1239029738980328,12.63
570,-1.009322932647993,0.528181621220711,-0.6558803458962558,0.0,23.75
93,0.117363131703255,-0.7016143923678111,0.9725122370185868,-0.5619514869490164,12.95
433,-1.009322932647993,2.041776714868123,-1.4700766373536769,-0.5619514869490164,24.03
83,0.117363131703255,1.2849791680444174,-1.1986778735345365,0.0,32.31
647,0.117363131703255,0.244382541161822,-0.6558803458962558,0.5619514869490164,38.35
656,-1.009322932647993,0.244382541161822,-0.6558803458962558,0.5619514869490164,36.7
414,0.117363131703255,0.528181621220711,-0.6558803458962558,0.0,24.7
766,-1.009322932647993,-1.1746128591326266,0.9725122370185868,0.5619514869490164,15.4
557,-1.009322932647993,0.244382541161822,-0.6558803458962558,0.5619514869490164,36.77
699,1.2440491960545037,-0.7016143923678111,0.9725122370185868,-0.5619514869490164,14.42
322,0.117363131703255,-0.2286159256029944,0.9725122370185868,-1.6858544608470492,11.98
357,0.117363131703255,1.2849791680444174,-1.1986778735345365,0.0,32.4
69,-1.009322932647993,-0.2286159256029944,0.9725122370185868,-1.6858544608470492,10.45
514,-1.009322932647993,-0.7016143923678111,0.9725122370185868,-0.5619514869490164,11.13
509,-1.009322932647993,0.244382541161822,-0.6558803458962558,0.5619514869490164,36.86
340,0.117363131703255,2.041776714868123,-1.4700766373536769,-0.5619514869490164,28.56
221,-1.009322932647993,0.244382541161822,-0.6558803458962558,0.5619514869490164,36.71
713,1.2440491960545037,0.528181621220711,-0.6558803458962558,0.0,29.22
146,1.2440491960545037,-0.2286159256029944,0.9725122370185868,-1.6858544608470492,14.1
289,-1.009322932647993,-0.0394165388970678,-1.1986778735345365,2.2478059477960657,32.31
29,0.117363131703255,0.9065803946325642,-0.6558803458962558,-0.5619514869490164,28.42
114,0.117363131703255,-0.2286159256029944,0.9725122370185868,-1.6858544608470492,12.32
508,1.2440491960545037,0.9065803946325642,-0.6558803458962558,-0.5619514869490164,32.31
618,1.2440491960545037,-1.1746128591326266,0.9725122370185868,0.5619514869490164,19.36
176,0.117363131703255,0.244382541161822,-0.6558803458962558,0.5619514869490164,38.84
168,1.2440491960545037,2.041776714868123,-1.4700766373536769,-0.5619514869490164,32.21
347,1.2440491960545037,-0.2286159256029944,0.9725122370185868,-1.6858544608470492,14.18
376,1.2440491960545037,2.041776714868123,-1.4700766373536769,-0.5619514869490164,32.75
681,0.117363131703255,-0.2286159256029944,0.9725122370185868,-1.6858544608470492,12.16
669,-1.7604469755488257,-1.1746128591326266,0.9725122370185868,0.5619514869490164,10.54
654,0.117363131703255,-1.363812245838553,0.9725122370185868,1.1239029738980328,13.95
587,-1.009322932647993,-0.2286159256029944,0.9725122370185868,-1.6858544608470492,10.35
189,-1.009322932647993,0.528181621220711,-0.6558803458962558,0.0,24.37
136,0.117363131703255,-0.2286159256029944,0.9725122370185868,-1.6858544608470492,11.67
446,1.2440491960545037,1.2849791680444174,-1.1986778735345365,0.0,36.47
644,0.117363131703255,2.041776714868123,-1.4700766373536769,-0.5619514869490164,28.69
254,0.117363131703255,2.041776714868123,-1.4700766373536769,-0.5619514869490164,28.15
676,1.2440491960545037,-0.9854134724267,0.9725122370185868,0.0,15.23
290,-1.009322932647993,-0.5124150056618845,0.9725122370185868,-1.1239029738980328,10.66
721,0.117363131703255,0.244382541161822,-0.6558803458962558,0.5619514869490164,40.19
649,0.117363131703255,1.2849791680444174,-1.1986778735345365,0.0,32.68
232,-1.7604469755488257,2.041776714868123,-1.4700766373536769,-0.5619514869490164,15.55
33,-1.009322932647993,-0.7016143923678111,0.9725122370185868,-0.5619514869490164,11.46
88,-1.009322932647993,-0.7016143923678111,0.9725122370185868,-0.5619514869490164,11.09
44,0.117363131703255,1.2849791680444174,-1.1986778735345365,0.0,33.28
341,0.117363131703255,-0.9854134724267,0.9725122370185868,0.0,13.01
61,1.2440491960545037,-0.5124150056618845,0.9725122370185868,-1.1239029738980328,12.42
733,1.2440491960545037,2.041776714868123,-1.4700766373536769,-0.5619514869490164,32.67
199,-1.009322932647993,0.528181621220711,-0.6558803458962558,0.0,23.84
429,0.117363131703255,-1.1746128591326266,0.9725122370185868,0.5619514869490164,16.86
573,1.2440491960545037,-0.7016143923678111,0.9725122370185868,-0.5619514869490164,14.54
394,1.2440491960545037,0.244382541161822,-0.6558803458962558,0.5619514869490164,41.09
297,-1.009322932647993,-0.0394165388970678,-1.1986778735345365,2.2478059477960657,33.16
73,-1.009322932647993,0.9065803946325642,-0.6558803458962558,-0.5619514869490164,26.47
393,-1.009322932647993,1.2849791680444174,-1.1986778735345365,0.0,28.07
547,0.117363131703255,2.041776714868123,-1.4700766373536769,-0.5619514869490164,28.67
541,0.117363131703255,-0.2286159256029944,0.9725122370185868,-1.6858544608470492,12.43
655,1.2440491960545037,1.2849791680444174,-1.1986778735345365,0.0,36.57
690,0.117363131703255,0.9065803946325642,-0.6558803458962558,-0.5619514869490164,29.4
645,0.117363131703255,-0.9854134724267,0.9725122370185868,0.0,12.86
217,-1.009322932647993,-1.1746128591326266,0.9725122370185868,0.5619514869490164,15.36
539,1.2440491960545037,-1.1746128591326266,0.9725122370185868,0.5619514869490164,19.06
634,0.117363131703255,2.041776714868123,-1.4700766373536769,-0.5619514869490164,28.62
421,0.117363131703255,-1.1746128591326266,0.9725122370185868,0.5619514869490164,17.14
138,0.117363131703255,0.244382541161822,-0.6558803458962558,0.5619514869490164,39.81
212,0.117363131703255,0.244382541161822,-0.6558803458962558,0.5619514869490164,38.57
646,1.2440491960545037,-0.0394165388970678,-1.1986778735345365,2.2478059477960657,39.68
643,0.117363131703255,0.9065803946325642,-0.6558803458962558,-0.5619514869490164,28.66
664,-1.009322932647993,-1.1746128591326266,0.9725122370185868,0.5619514869490164,15.34
703,-1.009322932647993,0.528181621220711,-0.6558803458962558,0.0,23.87
234,1.2440491960545037,2.041776714868123,-1.4700766373536769,-0.5619514869490164,32.82
67,-1.009322932647993,0.9065803946325642,-0.6558803458962558,-0.5619514869490164,27.02
24,0.117363131703255,-1.1746128591326266,0.9725122370185868,0.5619514869490164,16.62
381,-1.009322932647993,-0.5124150056618845,0.9725122370185868,-1.1239029738980328,10.68
216,0.117363131703255,-1.1746128591326266,0.9725122370185868,0.5619514869490164,16.99
129,-1.009322932647993,0.9065803946325642,-0.6558803458962558,-0.5619514869490164,25.37
349,1.2440491960545037,-1.363812245838553,0.9725122370185868,1.1239029738980328,16.35
111,-1.009322932647993,-0.0394165388970678,-1.1986778735345365,2.2478059477960657,33.21
166,0.117363131703255,-1.1746128591326266,0.9725122370185868,0.5619514869490164,17.02
207,-1.009322932647993,-0.7016143923678111,0.9725122370185868,-0.5619514869490164,11.32
438,-1.009322932647993,-0.0394165388970678,-1.1986778735345365,2.2478059477960657,33.24
552,1.2440491960545037,0.9065803946325642,-0.6558803458962558,-0.5619514869490164,32.74
274,-1.009322932647993,-1.363812245838553,0.9725122370185868,1.1239029738980328,12.93
651,-1.009322932647993,-1.363812245838553,0.9725122370185868,1.1239029738980328,12.96
591,0.117363131703255,-0.5124150056618845,0.9725122370185868,-1.1239029738980328,12.57
612,-1.009322932647993,-0.5124150056618845,0.9725122370185868,-1.1239029738980328,10.7
525,1.2440491960545037,0.244382541161822,-0.6558803458962558,0.5619514869490164,41.96
287,-1.009322932647993,-0.2286159256029944,0.9725122370185868,-1.6858544608470492,10.36
469,0.117363131703255,0.9065803946325642,-0.6558803458962558,-0.5619514869490164,28.4
326,0.117363131703255,1.2849791680444174,-1.1986778735345365,0.0,31.69
121,-1.009322932647993,-0.5124150056618845,0.9725122370185868,-1.1239029738980328,10.72
507,-1.009322932647993,-0.9854134724267,0.9725122370185868,0.0,11.44
228,0.117363131703255,-0.7016143923678111,0.9725122370185868,-0.5619514869490164,12.85
595,1.2440491960545037,0.9065803946325642,-0.6558803458962558,-0.5619514869490164,32.13
445,1.2440491960545037,-0.9854134724267,0.9725122370185868,0.0,14.92
117,-1.009322932647993,0.244382541161822,-0.6558803458962558,0.5619514869490164,35.94
464,-1.7604469755488257,-0.9854134724267,0.9725122370185868,0.0,7.18
25,-1.009322932647993,-1.363812245838553,0.9725122370185868,1.1239029738980328,12.88
110,-1.009322932647993,-0.0394165388970678,-1.1986778735345365,2.2478059477960657,33.12
149,-1.009322932647993,-0.7016143923678111,0.9725122370185868,-0.5619514869490164,11.11
152,0.117363131703255,-1.1746128591326266,0.9725122370185868,0.5619514869490164,17.5
528,1.2440491960545037,-0.9854134724267,0.9725122370185868,0.0,15.3
461,0.117363131703255,-0.5124150056618845,0.9725122370185868,-1.1239029738980328,12.65
598,0.117363131703255,2.041776714868123,-1.4700766373536769,-0.5619514869490164,28.17
139,-1.009322932647993,0.528181621220711,-0.6558803458962558,0.0,22.58
260,1.2440491960545037,-1.363812245838553,0.9725122370185868,1.1239029738980328,15.09
323,-1.009322932647993,0.244382541161822,-0.6558803458962558,0.5619514869490164,35.89
688,0.117363131703255,0.244382541161822,-0.6558803458962558,0.5619514869490164,38.67
248,-1.009322932647993,-0.7016143923678111,0.9725122370185868,-0.5619514869490164,11.14
450,0.117363131703255,0.9065803946325642,-0.6558803458962558,-0.5619514869490164,29.71
410,1.2440491960545037,-0.0394165388970678,-1.1986778735345365,2.2478059477960657,40.71
607,1.2440491960545037,0.528181621220711,-0.6558803458962558,0.0,28.01
19,-1.009322932647993,-0.2286159256029944,0.9725122370185868,-1.6858544608470492,10.42
328,1.2440491960545037,-0.9854134724267,0.9725122370185868,0.0,14.9
296,0.117363131703255,0.528181621220711,-0.6558803458962558,0.0,25.43
269,0.117363131703255,-0.2286159256029944,0.9725122370185868,-1.6858544608470492,12.03
226,-1.009322932647993,-0.2286159256029944,0.9725122370185868,-1.6858544608470492,10.32
94,0.117363131703255,-0.7016143923678111,0.9725122370185868,-0.5619514869490164,12.86
515,0.117363131703255,0.9065803946325642,-0.6558803458962558,-0.5619514869490164,29.43
280,1.2440491960545037,-1.1746128591326266,0.9725122370185868,0.5619514869490164,18.9
286,1.2440491960545037,1.2849791680444174,-1.1986778735345365,0.0,37.24
589,0.117363131703255,-0.7016143923678111,0.9725122370185868,-0.5619514869490164,12.12
726,-1.7604469755488257,-0.7016143923678111,0.9725122370185868,-0.5619514869490164,6.77
444,1.2440491960545037,0.528181621220711,-0.6558803458962558,0.0,28.67
184,-1.009322932647993,0.244382541161822,-0.6558803458962558,0.5619514869490164,35.78
371,0.117363131703255,-0.0394165388970678,-1.1986778735345365,2.2478059477960657,36.45
670,1.2440491960545037,-0.5124150056618845,0.9725122370185868,-1.1239029738980328,14.58
746,-1.009322932647993,-0.5124150056618845,0.9725122370185868,-1.1239029738980328,10.8
275,-1.009322932647993,-1.363812245838553,0.9725122370185868,1.1239029738980328,13.04
717,-1.009322932647993,1.2849791680444174,-1.1986778735345365,0.0,29.06
182,-1.009322932647993,-0.5124150056618845,0.9725122370185868,-1.1239029738980328,10.53
32,0.117363131703255,-1.1746128591326266,0.9725122370185868,0.5619514869490164,17.37
80,1.2440491960545037,-0.0394165388970678,-1.1986778735345365,2.2478059477960657,40.78
307,-1.009322932647993,2.041776714868123,-1.4700766373536769,-0.5619514869490164,24.29
11,-1.009322932647993,1.2849791680444174,-1.1986778735345365,0.0,29.02
43,0.117363131703255,-0.9854134724267,0.9725122370185868,0.0,13.17
86,-1.009322932647993,-1.1746128591326266,0.9725122370185868,0.5619514869490164,15.41
36,1.2440491960545037,-0.0394165388970678,-1.1986778735345365,2.2478059477960657,40.43
58,-1.009322932647993,-0.7016143923678111,0.9725122370185868,-0.5619514869490164,11.11
41,1.2440491960545037,1.2849791680444174,-1.1986778735345365,0.0,36.66
411,-1.009322932647993,-1.363812245838553,0.9725122370185868,1.1239029738980328,13.0
562,0.117363131703255,-0.5124150056618845,0.9725122370185868,-1.1239029738980328,12.49
209,1.2440491960545037,-1.1746128591326266,0.9725122370185868,0.5619514869490164,19.42
148,0.117363131703255,-0.9854134724267,0.9725122370185868,0.0,13.18
594,1.2440491960545037,-1.1746128591326266,0.9725122370185868,0.5619514869490164,19.13
123,1.2440491960545037,2.041776714868123,-1.4700766373536769,-0.5619514869490164,32.84
574,1.2440491960545037,2.041776714868123,-1.4700766373536769,-0.5619514869490164,32.71
98,1.2440491960545037,-0.9854134724267,0.9725122370185868,0.0,15.34
377,1.2440491960545037,-1.1746128591326266,0.9725122370185868,0.5619514869490164,18.88
130,1.2440491960545037,-1.363812245838553,0.9725122370185868,1.1239029738980328,16.55
23,1.2440491960545037,-0.0394165388970678,-1.1986778735345365,2.2478059477960657,40.11
667,-1.7604469755488257,-0.7016143923678111,0.9725122370185868,-0.5619514869490164,6.85
555,1.2440491960545037,-1.1746128591326266,0.9725122370185868,0.5619514869490164,18.19
370,1.2440491960545037,-0.0394165388970678,-1.1986778735345365,2.2478059477960657,39.86
512,0.117363131703255,-0.0394165388970678,-1.1986778735345365,2.2478059477960657,36.52
383,-1.009322932647993,0.9065803946325642,-0.6558803458962558,-0.5619514869490164,26.37
201,1.2440491960545037,-0.7016143923678111,0.9725122370185868,-0.5619514869490164,14.62
368,-1.009322932647993,0.244382541161822,-0.6558803458962558,0.5619514869490164,36.03
554,0.117363131703255,0.244382541161822,-0.6558803458962558,0.5619514869490164,39.97
610,-1.009322932647993,0.9065803946325642,-0.6558803458962558,-0.5619514869490164,25.36
387,1.2440491960545037,-0.2286159256029944,0.9725122370185868,-1.6858544608470492,14.55
292,1.2440491960545037,0.244382541161822,-0.6558803458962558,0.5619514869490164,41.73
256,0.117363131703255,-0.5124150056618845,0.9725122370185868,-1.1239029738980328,12.19
606,-1.009322932647993,-0.9854134724267,0.9725122370185868,0.0,11.38
197,-1.009322932647993,0.528181621220711,-0.6558803458962558,0.0,24.03
95,-1.009322932647993,-0.7016143923678111,0.9725122370185868,-0.5619514869490164,11.22
738,1.2440491960545037,-1.1746128591326266,0.9725122370185868,0.5619514869490164,17.69
759,1.2440491960545037,-1.1746128591326266,0.9725122370185868,0.5619514869490164,17.88
169,-1.009322932647993,0.528181621220711,-0.6558803458962558,0.0,22.79
581,1.2440491960545037,0.528181621220711,-0.6558803458962558,0.0,29.47
305,1.2440491960545037,-0.2286159256029944,0.9725122370185868,-1.6858544608470492,14.32
560,0.117363131703255,-1.363812245838553,0.9725122370185868,1.1239029738980328,15.16
373,1.2440491960545037,-0.0394165388970678,-1.1986778735345365,2.2478059477960657,38.82
227,-1.009322932647993,-0.0394165388970678,-1.1986778735345365,2.2478059477960657,33.08
660,0.117363131703255,1.2849791680444174,-1.1986778735345365,0.0,32.46
143,0.117363131703255,0.9065803946325642,-0.6558803458962558,-0.5619514869490164,28.31
180,0.117363131703255,0.244382541161822,-0.6558803458962558,0.5619514869490164,38.98
131,1.2440491960545037,-1.1746128591326266,0.9725122370185868,0.5619514869490164,19.48
729,-1.009322932647993,0.9065803946325642,-0.6558803458962558,-0.5619514869490164,26.33
47,1.2440491960545037,-1.363812245838553,0.9725122370185868,1.1239029738980328,17.15
324,-1.7604469755488257,-0.0394165388970678,-1.1986778735345365,2.2478059477960657,24.77
203,1.2440491960545037,-0.0394165388970678,-1.1986778735345365,2.2478059477960657,40.42
84,1.2440491960545037,-0.7016143923678111,0.9725122370185868,-0.5619514869490164,14.75
633,0.117363131703255,0.528181621220711,-0.6558803458962558,0.0,26.19
565,1.2440491960545037,0.9065803946325642,-0.6558803458962558,-0.5619514869490164,32.75
611,1.2440491960545037,2.041776714868123,-1.4700766373536769,-0.5619514869490164,32.74
398,-1.009322932647993,-0.9854134724267,0.9725122370185868,0.0,11.7
91,-1.7604469755488257,0.9065803946325642,-0.6558803458962558,-0.5619514869490164,19.34
82,-1.009322932647993,-1.363812245838553,0.9725122370185868,1.1239029738980328,13.02
430,1.2440491960545037,-0.5124150056618845,0.9725122370185868,-1.1239029738980328,12.43
119,0.117363131703255,-0.5124150056618845,0.9725122370185868,-1.1239029738980328,12.1
291,-1.7604469755488257,-1.363812245838553,0.9725122370185868,1.1239029738980328,8.6
57,0.117363131703255,-0.9854134724267,0.9725122370185868,0.0,12.84
321,1.2440491960545037,0.9065803946325642,-0.6558803458962558,-0.5619514869490164,31.29
257,1.2440491960545037,0.244382541161822,-0.6558803458962558,0.5619514869490164,41.4
727,1.2440491960545037,-0.0394165388970678,-1.1986778735345365,2.2478059477960657,40.78
442,-1.7604469755488257,1.2849791680444174,-1.1986778735345365,0.0,19.68
42,0.117363131703255,1.2849791680444174,-1.1986778735345365,0.0,32.07
617,1.2440491960545037,-0.2286159256029944,0.9725122370185868,-1.6858544608470492,14.54
388,0.117363131703255,-0.7016143923678111,0.9725122370185868,-0.5619514869490164,12.47
335,0.117363131703255,-0.2286159256029944,0.9725122370185868,-1.6858544608470492,11.8
273,-1.009322932647993,-0.9854134724267,0.9725122370185868,0.0,11.68
488,0.117363131703255,-0.0394165388970678,-1.1986778735345365,2.2478059477960657,36.81
550,1.2440491960545037,-1.1746128591326266,0.9725122370185868,0.5619514869490164,19.2
53,1.2440491960545037,-1.363812245838553,0.9725122370185868,1.1239029738980328,16.77
718,-1.009322932647993,-1.1746128591326266,0.9725122370185868,0.5619514869490164,15.41
128,-1.009322932647993,-0.9854134724267,0.9725122370185868,0.0,11.33
28,-1.009322932647993,1.2849791680444174,-1.1986778735345365,0.0,28.09
183,1.2440491960545037,-0.7016143923678111,0.9725122370185868,-0.5619514869490164,14.21
459,0.117363131703255,-0.7016143923678111,0.9725122370185868,-0.5619514869490164,12.91
510,-1.009322932647993,0.528181621220711,-0.6558803458962558,0.0,22.93
675,1.2440491960545037,-0.0394165388970678,-1.1986778735345365,2.2478059477960657,40.6
151,-1.009322932647993,-0.0394165388970678,-1.1986778735345365,2.2478059477960657,32.38
244,1.2440491960545037,1.2849791680444174,-1.1986778735345365,0.0,35.4
714,-1.009322932647993,-0.9854134724267,0.9725122370185868,0.0,11.42
543,0.117363131703255,1.2849791680444174,-1.1986778735345365,0.0,31.63
544,1.2440491960545037,0.244382541161822,-0.6558803458962558,0.5619514869490164,41.92
639,-1.009322932647993,-0.0394165388970678,-1.1986778735345365,2.2478059477960657,32.33
697,-1.009322932647993,-0.0394165388970678,-1.1986778735345365,2.2478059477960657,33.28
265,-1.009322932647993,-0.7016143923678111,0.9725122370185868,-0.5619514869490164,11.16
288,0.117363131703255,-0.0394165388970678,-1.1986778735345365,2.2478059477960657,36.45
423,0.117363131703255,2.041776714868123,-1.4700766373536769,-0.5619514869490164,28.15
147,0.117363131703255,-1.1746128591326266,0.9725122370185868,0.5619514869490164,17.52
659,1.2440491960545037,-1.363812245838553,0.9725122370185868,1.1239029738980328,17.17
177,0.117363131703255,-1.1746128591326266,0.9725122370185868,0.5619514869490164,16.73
99,0.117363131703255,-1.363812245838553,0.9725122370185868,1.1239029738980328,14.6
448,1.2440491960545037,0.244382541161822,-0.6558803458962558,0.5619514869490164,41.32
431,1.2440491960545037,-0.5124150056618845,0.9725122370185868,-1.1239029738980328,13.94
709,1.2440491960545037,0.9065803946325642,-0.6558803458962558,-0.5619514869490164,32.38
115,-1.009322932647993,0.528181621220711,-0.6558803458962558,0.0,23.53
72,0.117363131703255,-0.7016143923678111,0.9725122370185868,-0.5619514869490164,12.78
537,0.117363131703255,-1.363812245838553,0.9725122370185868,1.1239029738980328,13.68
677,0.117363131703255,-0.9854134724267,0.9725122370185868,0.0,12.93
753,1.2440491960545037,-0.0394165388970678,-1.1986778735345365,2.2478059477960657,40.68
174,0.117363131703255,-0.0394165388970678,-1.1986778735345365,2.2478059477960657,36.95
87,1.2440491960545037,-0.0394165388970678,-1.1986778735345365,2.2478059477960657,39.84
551,-1.009322932647993,-0.2286159256029944,0.9725122370185868,-1.6858544608470492,10.39
486,1.2440491960545037,-1.363812245838553,0.9725122370185868,1.1239029738980328,16.47
705,-1.009322932647993,-1.363812245838553,0.9725122370185868,1.1239029738980328,12.74
314,-1.009322932647993,-0.0394165388970678,-1.1986778735345365,2.2478059477960657,32.12
396,-1.009322932647993,-0.5124150056618845,0.9725122370185868,-1.1239029738980328,10.72
600,0.117363131703255,0.528181621220711,-0.6558803458962558,0.0,25.74
472,0.117363131703255,1.2849791680444174,-1.1986778735345365,0.0,33.27
70,0.117363131703255,-1.363812245838553,0.9725122370185868,1.1239029738980328,14.61
599,-1.009322932647993,0.528181621220711,-0.6558803458962558,0.0,24.17
754,0.117363131703255,-1.363812245838553,0.9725122370185868,1.1239029738980328,14.16
277,1.2440491960545037,1.2849791680444174,-1.1986778735345365,0.0,35.69
723,-1.009322932647993,-0.9854134724267,0.9725122370185868,0.0,11.6
9,1.2440491960545037,-0.2286159256029944,0.9725122370185868,-1.6858544608470492,14.41
359,-1.009322932647993,1.2849791680444174,-1.1986778735345365,0.0,29.14
707,0.117363131703255,-0.9854134724267,0.9725122370185868,0.0,12.82
763,-1.009322932647993,-0.7016143923678111,0.9725122370185868,-0.5619514869490164,11.16
192,0.117363131703255,-1.363812245838553,0.9725122370185868,1.1239029738980328,15.08
629,1.2440491960545037,0.528181621220711,-0.6558803458962558,0.0,29.92
559,0.117363131703255,0.9065803946325642,-0.6558803458962558,-0.5619514869490164,29.88
684,1.2440491960545037,-0.5124150056618845,0.9725122370185868,-1.1239029738980328,14.03
